{"stats":{"minecraft:crafted":{"minecraft:spruce_button":4,"minecraft:furnace":2,"minecraft:bone_meal":6,"minecraft:stone_pickaxe":6,"minecraft:crafting_table":2,"minecraft:spruce_planks":60,"minecraft:wooden_pickaxe":2,"minecraft:iron_helmet":1,"minecraft:iron_sword":2,"minecraft:copper_ingot":62,"minecraft:stone_axe":1,"minecraft:iron_chestplate":3,"minecraft:shield":2,"minecraft:stick":32,"minecraft:iron_ingot":44,"minecraft:iron_pickaxe":2,"minecraft:stone_sword":1,"minecraft:gold_ingot":15,"minecraft:iron_leggings":1,"minecraft:torch":4},"minecraft:broken":{"minecraft:wooden_pickaxe":1,"minecraft:stone_pickaxe":4,"minecraft:iron_pickaxe":1},"minecraft:custom":{"minecraft:mob_kills":18,"minecraft:interact_with_crafting_table":46,"minecraft:leave_game":11,"minecraft:time_since_death":3815,"minecraft:sprint_one_cm":470737,"minecraft:walk_one_cm":496178,"minecraft:damage_blocked_by_shield":225,"minecraft:drop":18,"minecraft:play_time":204616,"minecraft:deaths":27,"minecraft:sneak_time":4141,"minecraft:walk_under_water_one_cm":34219,"minecraft:jump":2913,"minecraft:walk_on_water_one_cm":13493,"minecraft:total_world_time":204616,"minecraft:interact_with_furnace":48,"minecraft:sleep_in_bed":4,"minecraft:time_since_rest":3840,"minecraft:damage_taken":7790,"minecraft:damage_dealt":2431,"minecraft:swim_one_cm":167,"minecraft:fly_one_cm":230633,"minecraft:open_chest":22,"minecraft:crouch_one_cm":8314,"minecraft:fall_one_cm":57932},"minecraft:mined":{"minecraft:dark_oak_planks":5,"minecraft:tuff":12,"minecraft:spruce_planks":20,"minecraft:deepslate_diamond_ore":11,"minecraft:glow_lichen":1,"minecraft:granite":50,"minecraft:grass_block":16,"minecraft:spruce_leaves":27,"minecraft:sandstone":12,"minecraft:large_fern":2,"minecraft:redstone_ore":2,"minecraft:furnace":2,"minecraft:iron_ore":52,"minecraft:andesite":23,"minecraft:deepslate_lapis_ore":4,"minecraft:dark_oak_stairs":5,"minecraft:deepslate_iron_ore":7,"minecraft:rail":12,"minecraft:stone":554,"minecraft:deepslate_redstone_ore":18,"minecraft:red_bed":4,"minecraft:oak_fence":2,"minecraft:crafting_table":2,"minecraft:torch":2,"minecraft:chest":4,"minecraft:copper_ore":35,"minecraft:cobblestone":11,"minecraft:deepslate_gold_ore":17,"minecraft:oak_planks":2,"minecraft:diorite":55,"minecraft:wall_torch":7,"minecraft:spruce_stairs":6,"minecraft:spruce_log":25,"minecraft:birch_leaves":1,"minecraft:coal_ore":28,"minecraft:gravel":1,"minecraft:sand":24,"minecraft:dirt":22,"minecraft:oak_leaves":1,"minecraft:deepslate":279},"minecraft:used":{"minecraft:chest":2,"minecraft:shield":4,"minecraft:iron_sword":104,"minecraft:rotten_flesh":4,"minecraft:torch":6,"minecraft:dirt":12,"minecraft:spruce_stairs":1,"minecraft:carrot":5,"minecraft:tuff":12,"minecraft:snowball":2,"minecraft:granite":19,"minecraft:bow":1,"minecraft:furnace":4,"minecraft:cobbled_deepslate":52,"minecraft:water_bucket":1,"minecraft:diorite":1,"minecraft:powered_rail":2,"minecraft:stone_pickaxe":715,"minecraft:wooden_pickaxe":71,"minecraft:sandstone":3,"minecraft:glow_berries":5,"minecraft:sand":2,"minecraft:rail":21,"minecraft:crafting_table":4,"minecraft:red_bed":3,"minecraft:white_bed":1,"minecraft:bread":1,"minecraft:suspicious_stew":1,"minecraft:iron_pickaxe":432,"minecraft:spruce_sapling":2,"minecraft:cobblestone":49,"minecraft:cooked_porkchop":2,"minecraft:bucket":1,"minecraft:andesite":5,"minecraft:chest_minecart":1},"minecraft:dropped":{"minecraft:iron_sword":1,"minecraft:wheat_seeds":2,"minecraft:cobblestone":114,"minecraft:dirt":22,"minecraft:diorite":9,"minecraft:gold_nugget":7,"minecraft:golden_hoe":1,"minecraft:sand":91,"minecraft:spruce_sapling":1,"minecraft:stone_shovel":3,"minecraft:golden_shovel":1,"minecraft:white_bed":1},"minecraft:picked_up":{"minecraft:iron_chestplate":4,"minecraft:crafting_table":2,"minecraft:chicken":2,"minecraft:suspicious_stew":1,"minecraft:chest_minecart":6,"minecraft:enchanted_book":2,"minecraft:golden_shovel":2,"minecraft:shield":12,"minecraft:red_bed":6,"minecraft:string":10,"minecraft:raw_copper":353,"minecraft:cooked_salmon":8,"minecraft:iron_leggings":1,"minecraft:white_carpet":18,"minecraft:activator_rail":15,"minecraft:cobbled_deepslate":708,"minecraft:gold_nugget":14,"minecraft:detector_rail":3,"minecraft:spruce_planks":252,"minecraft:iron_pickaxe":9,"minecraft:chest":5,"minecraft:furnace":2,"minecraft:egg":2,"minecraft:stick":21,"minecraft:raw_iron":143,"minecraft:sandstone":39,"minecraft:copper_ingot":133,"minecraft:oak_fence":8,"minecraft:torch":168,"minecraft:bowl":3,"minecraft:spruce_stairs":26,"minecraft:diorite":205,"minecraft:carrot":22,"minecraft:redstone":247,"minecraft:dark_oak_planks":16,"minecraft:tnt":4,"minecraft:rotten_flesh":56,"minecraft:stone_sword":7,"minecraft:arrow":21,"minecraft:stone_shovel":3,"minecraft:golden_hoe":1,"minecraft:gold_ingot":15,"minecraft:glow_berries":6,"minecraft:snowball":40,"minecraft:rail":53,"minecraft:cobblestone":1600,"minecraft:feather":3,"minecraft:water_bucket":1,"minecraft:andesite":67,"minecraft:tuff":24,"minecraft:gunpowder":5,"minecraft:dirt":86,"minecraft:lapis_lazuli":80,"minecraft:name_tag":4,"minecraft:bone":6,"minecraft:bow":11,"minecraft:wheat_seeds":2,"minecraft:raw_gold":86,"minecraft:stone_pickaxe":9,"minecraft:iron_ingot":49,"minecraft:powered_rail":10,"minecraft:iron_sword":15,"minecraft:oak_planks":38,"minecraft:dark_oak_stairs":4,"minecraft:cooked_porkchop":2,"minecraft:pumpkin":16,"minecraft:gravel":3,"minecraft:sand":294,"minecraft:spruce_sapling":8,"minecraft:white_bed":2,"minecraft:spruce_log":38,"minecraft:mossy_cobblestone":2,"minecraft:pumpkin_seeds":4,"minecraft:diamond":66,"minecraft:stone_axe":1,"minecraft:iron_helmet":2,"minecraft:granite":145,"minecraft:bone_meal":36,"minecraft:spruce_button":12,"minecraft:melon_seeds":12,"minecraft:dark_oak_fence":5,"minecraft:coal":65},"minecraft:killed_by":{"minecraft:zombie_villager":1,"minecraft:creeper":3,"minecraft:cave_spider":4,"minecraft:skeleton":12,"minecraft:zombie":5},"minecraft:killed":{"minecraft:cave_spider":1,"minecraft:skeleton":1,"minecraft:chicken":1,"minecraft:wolf":1,"minecraft:zombie_villager":1,"minecraft:creeper":1,"minecraft:zombie":6}},"DataVersion":3839}