{"stats":{"minecraft:crafted":{"minecraft:oak_planks":12,"minecraft:spruce_button":4,"minecraft:furnace":4,"minecraft:bone_meal":6,"minecraft:cooked_mutton":5,"minecraft:stone_pickaxe":7,"minecraft:cooked_beef":4,"minecraft:crafting_table":5,"minecraft:spruce_planks":76,"minecraft:iron_helmet":1,"minecraft:wooden_pickaxe":3,"minecraft:iron_sword":3,"minecraft:copper_ingot":62,"minecraft:stone_axe":1,"minecraft:iron_chestplate":3,"minecraft:shield":2,"minecraft:stick":48,"minecraft:iron_ingot":53,"minecraft:iron_pickaxe":4,"minecraft:stone_sword":2,"minecraft:gold_ingot":15,"minecraft:iron_leggings":1,"minecraft:white_bed":1,"minecraft:torch":8},"minecraft:dropped":{"minecraft:iron_sword":1,"minecraft:wheat_seeds":2,"minecraft:cobblestone":114,"minecraft:dirt":22,"minecraft:diorite":9,"minecraft:gold_nugget":7,"minecraft:golden_hoe":1,"minecraft:sand":91,"minecraft:spruce_sapling":1,"minecraft:stone_shovel":3,"minecraft:golden_shovel":1,"minecraft:white_bed":1},"minecraft:killed_by":{"minecraft:zombie_villager":1,"minecraft:creeper":3,"minecraft:pillager":1,"minecraft:cave_spider":4,"minecraft:skeleton":13,"minecraft:zombie":6},"minecraft:killed":{"minecraft:cave_spider":1,"minecraft:skeleton":1,"minecraft:chicken":1,"minecraft:wolf":1,"minecraft:zombie_villager":1,"minecraft:creeper":1,"minecraft:sheep":3,"minecraft:zombie":6,"minecraft:cow":3},"minecraft:picked_up":{"minecraft:crafting_table":2,"minecraft:iron_chestplate":4,"minecraft:chicken":2,"minecraft:suspicious_stew":1,"minecraft:chest_minecart":6,"minecraft:brown_mushroom":2,"minecraft:wooden_pickaxe":3,"minecraft:enchanted_book":2,"minecraft:golden_shovel":2,"minecraft:chain":2,"minecraft:shield":12,"minecraft:red_bed":6,"minecraft:string":40,"minecraft:raw_copper":353,"minecraft:cooked_salmon":8,"minecraft:iron_leggings":1,"minecraft:white_carpet":18,"minecraft:activator_rail":15,"minecraft:cobbled_deepslate":988,"minecraft:gold_nugget":14,"minecraft:detector_rail":3,"minecraft:spruce_planks":252,"minecraft:beef":4,"minecraft:calcite":1,"minecraft:iron_pickaxe":9,"minecraft:sugar_cane":3,"minecraft:chest":5,"minecraft:furnace":5,"minecraft:egg":2,"minecraft:stick":25,"minecraft:raw_iron":230,"minecraft:sandstone":39,"minecraft:copper_ingot":133,"minecraft:oak_fence":8,"minecraft:torch":187,"minecraft:bowl":3,"minecraft:spruce_stairs":26,"minecraft:diorite":240,"minecraft:carrot":22,"minecraft:redstone":251,"minecraft:dark_oak_planks":16,"minecraft:tnt":4,"minecraft:stone_sword":10,"minecraft:arrow":21,"minecraft:rotten_flesh":66,"minecraft:stone_shovel":3,"minecraft:golden_hoe":1,"minecraft:gold_ingot":15,"minecraft:glow_berries":6,"minecraft:mutton":5,"minecraft:rail":53,"minecraft:snowball":54,"minecraft:white_wool":3,"minecraft:cobblestone":1676,"minecraft:feather":3,"minecraft:water_bucket":1,"minecraft:andesite":81,"minecraft:leather":1,"minecraft:flint":2,"minecraft:tuff":26,"minecraft:oak_log":5,"minecraft:gunpowder":5,"minecraft:lapis_lazuli":80,"minecraft:dirt":140,"minecraft:name_tag":4,"minecraft:bone":6,"minecraft:bow":11,"minecraft:wheat_seeds":3,"minecraft:raw_gold":106,"minecraft:stone_pickaxe":10,"minecraft:iron_ingot":51,"minecraft:powered_rail":10,"minecraft:iron_sword":16,"minecraft:oak_planks":42,"minecraft:dark_oak_stairs":4,"minecraft:smooth_basalt":2,"minecraft:cooked_porkchop":2,"minecraft:pumpkin":19,"minecraft:sweet_berries":2,"minecraft:gravel":5,"minecraft:sand":294,"minecraft:spruce_sapling":9,"minecraft:white_bed":2,"minecraft:spruce_log":49,"minecraft:mossy_cobblestone":2,"minecraft:pumpkin_seeds":4,"minecraft:diamond":84,"minecraft:stone_axe":1,"minecraft:iron_helmet":2,"minecraft:granite":173,"minecraft:bone_meal":36,"minecraft:spruce_button":12,"minecraft:melon_seeds":12,"minecraft:dark_oak_fence":5,"minecraft:coal":78},"minecraft:broken":{"minecraft:wooden_pickaxe":1,"minecraft:stone_pickaxe":4,"minecraft:iron_pickaxe":1},"minecraft:used":{"minecraft:stone_sword":49,"minecraft:chest":2,"minecraft:shield":4,"minecraft:iron_sword":104,"minecraft:rotten_flesh":11,"minecraft:torch":11,"minecraft:dirt":18,"minecraft:spruce_stairs":1,"minecraft:carrot":5,"minecraft:tuff":12,"minecraft:snowball":2,"minecraft:granite":20,"minecraft:bow":1,"minecraft:sweet_berries":1,"minecraft:furnace":8,"minecraft:cooked_beef":4,"minecraft:cobbled_deepslate":118,"minecraft:cooked_mutton":5,"minecraft:water_bucket":1,"minecraft:diorite":20,"minecraft:powered_rail":2,"minecraft:stone_pickaxe":786,"minecraft:wooden_pickaxe":112,"minecraft:sandstone":3,"minecraft:brown_mushroom":1,"minecraft:glow_berries":5,"minecraft:sand":2,"minecraft:rail":21,"minecraft:crafting_table":7,"minecraft:red_bed":3,"minecraft:white_bed":2,"minecraft:bread":1,"minecraft:suspicious_stew":1,"minecraft:iron_pickaxe":809,"minecraft:spruce_sapling":2,"minecraft:cobblestone":77,"minecraft:cooked_porkchop":2,"minecraft:andesite":10,"minecraft:bucket":1,"minecraft:chest_minecart":1},"minecraft:custom":{"minecraft:mob_kills":31,"minecraft:interact_with_crafting_table":63,"minecraft:leave_game":15,"minecraft:time_since_death":18847,"minecraft:sprint_one_cm":655984,"minecraft:walk_one_cm":947991,"minecraft:damage_blocked_by_shield":225,"minecraft:drop":18,"minecraft:play_time":307281,"minecraft:sneak_time":8471,"minecraft:deaths":31,"minecraft:walk_under_water_one_cm":63929,"minecraft:jump":4548,"minecraft:walk_on_water_one_cm":25395,"minecraft:total_world_time":307281,"minecraft:interact_with_furnace":72,"minecraft:sleep_in_bed":6,"minecraft:time_since_rest":19041,"minecraft:damage_taken":9682,"minecraft:damage_dealt":3181,"minecraft:swim_one_cm":167,"minecraft:fly_one_cm":315016,"minecraft:open_chest":27,"minecraft:crouch_one_cm":12682,"minecraft:fall_one_cm":88841},"minecraft:mined":{"minecraft:dark_oak_planks":5,"minecraft:tuff":14,"minecraft:spruce_planks":20,"minecraft:deepslate_diamond_ore":28,"minecraft:glow_lichen":1,"minecraft:granite":79,"minecraft:grass_block":34,"minecraft:spruce_leaves":63,"minecraft:sandstone":12,"minecraft:large_fern":5,"minecraft:redstone_ore":2,"minecraft:furnace":5,"minecraft:iron_ore":95,"minecraft:cobbled_deepslate":10,"minecraft:andesite":29,"minecraft:pumpkin":3,"minecraft:deepslate_lapis_ore":4,"minecraft:dark_oak_stairs":5,"minecraft:deepslate_iron_ore":19,"minecraft:rail":12,"minecraft:stone":619,"minecraft:deepslate_redstone_ore":19,"minecraft:brown_mushroom":4,"minecraft:red_bed":4,"minecraft:oak_fence":2,"minecraft:crafting_table":2,"minecraft:torch":5,"minecraft:calcite":1,"minecraft:chest":4,"minecraft:copper_ore":35,"minecraft:cobblestone":11,"minecraft:deepslate_gold_ore":35,"minecraft:sugar_cane":2,"minecraft:oak_planks":5,"minecraft:diorite":74,"minecraft:wall_torch":7,"minecraft:spruce_stairs":6,"minecraft:chain":2,"minecraft:sweet_berry_bush":1,"minecraft:spruce_log":36,"minecraft:birch_leaves":1,"minecraft:oak_log":3,"minecraft:coal_ore":34,"minecraft:gravel":5,"minecraft:sand":24,"minecraft:dirt":45,"minecraft:cobweb":13,"minecraft:smooth_basalt":2,"minecraft:oak_leaves":1,"minecraft:deepslate":501}},"DataVersion":3839}