{"stats":{"minecraft:crafted":{"minecraft:spruce_button":4,"minecraft:furnace":2,"minecraft:bone_meal":6,"minecraft:stone_pickaxe":6,"minecraft:crafting_table":2,"minecraft:spruce_planks":60,"minecraft:wooden_pickaxe":2,"minecraft:iron_helmet":1,"minecraft:iron_sword":2,"minecraft:copper_ingot":62,"minecraft:stone_axe":1,"minecraft:iron_chestplate":2,"minecraft:shield":2,"minecraft:stick":32,"minecraft:iron_ingot":33,"minecraft:iron_pickaxe":2,"minecraft:stone_sword":1,"minecraft:torch":4},"minecraft:broken":{"minecraft:wooden_pickaxe":1,"minecraft:stone_pickaxe":4,"minecraft:iron_pickaxe":1},"minecraft:custom":{"minecraft:mob_kills":10,"minecraft:interact_with_crafting_table":41,"minecraft:leave_game":8,"minecraft:time_since_death":14047,"minecraft:sprint_one_cm":280555,"minecraft:walk_one_cm":334544,"minecraft:damage_blocked_by_shield":225,"minecraft:drop":4,"minecraft:play_time":157300,"minecraft:deaths":20,"minecraft:sneak_time":3806,"minecraft:walk_under_water_one_cm":33485,"minecraft:jump":1981,"minecraft:walk_on_water_one_cm":10412,"minecraft:total_world_time":157300,"minecraft:interact_with_furnace":26,"minecraft:sleep_in_bed":1,"minecraft:time_since_rest":14074,"minecraft:damage_taken":6053,"minecraft:damage_dealt":1929,"minecraft:swim_one_cm":167,"minecraft:fly_one_cm":158565,"minecraft:open_chest":17,"minecraft:crouch_one_cm":7849,"minecraft:fall_one_cm":47928},"minecraft:mined":{"minecraft:dark_oak_planks":5,"minecraft:tuff":12,"minecraft:spruce_planks":20,"minecraft:deepslate_diamond_ore":11,"minecraft:glow_lichen":1,"minecraft:granite":50,"minecraft:grass_block":9,"minecraft:spruce_leaves":17,"minecraft:sandstone":12,"minecraft:large_fern":2,"minecraft:redstone_ore":2,"minecraft:furnace":2,"minecraft:iron_ore":51,"minecraft:andesite":23,"minecraft:deepslate_lapis_ore":4,"minecraft:dark_oak_stairs":5,"minecraft:deepslate_iron_ore":7,"minecraft:rail":5,"minecraft:stone":519,"minecraft:deepslate_redstone_ore":4,"minecraft:red_bed":2,"minecraft:oak_fence":2,"minecraft:crafting_table":2,"minecraft:torch":2,"minecraft:chest":3,"minecraft:copper_ore":35,"minecraft:cobblestone":9,"minecraft:deepslate_gold_ore":13,"minecraft:oak_planks":2,"minecraft:diorite":55,"minecraft:wall_torch":5,"minecraft:spruce_stairs":6,"minecraft:spruce_log":25,"minecraft:birch_leaves":1,"minecraft:coal_ore":28,"minecraft:gravel":1,"minecraft:sand":24,"minecraft:dirt":20,"minecraft:oak_leaves":1,"minecraft:deepslate":177},"minecraft:used":{"minecraft:chest":2,"minecraft:shield":4,"minecraft:iron_sword":82,"minecraft:rotten_flesh":4,"minecraft:torch":6,"minecraft:dirt":12,"minecraft:spruce_stairs":1,"minecraft:carrot":5,"minecraft:granite":2,"minecraft:snowball":2,"minecraft:bow":1,"minecraft:furnace":4,"minecraft:cobbled_deepslate":52,"minecraft:diorite":1,"minecraft:stone_pickaxe":715,"minecraft:wooden_pickaxe":71,"minecraft:sandstone":3,"minecraft:glow_berries":5,"minecraft:sand":2,"minecraft:rail":21,"minecraft:crafting_table":4,"minecraft:red_bed":2,"minecraft:bread":1,"minecraft:iron_pickaxe":274,"minecraft:suspicious_stew":1,"minecraft:spruce_sapling":2,"minecraft:cobblestone":49,"minecraft:cooked_porkchop":2,"minecraft:andesite":5,"minecraft:chest_minecart":1},"minecraft:dropped":{"minecraft:iron_sword":1,"minecraft:gold_nugget":7,"minecraft:golden_hoe":1,"minecraft:golden_shovel":1},"minecraft:picked_up":{"minecraft:iron_chestplate":3,"minecraft:crafting_table":2,"minecraft:suspicious_stew":1,"minecraft:chest_minecart":5,"minecraft:enchanted_book":1,"minecraft:golden_shovel":2,"minecraft:shield":8,"minecraft:red_bed":3,"minecraft:string":8,"minecraft:raw_copper":353,"minecraft:cooked_salmon":8,"minecraft:white_carpet":18,"minecraft:activator_rail":3,"minecraft:detector_rail":1,"minecraft:gold_nugget":14,"minecraft:cobbled_deepslate":260,"minecraft:spruce_planks":195,"minecraft:iron_pickaxe":8,"minecraft:chest":3,"minecraft:furnace":2,"minecraft:raw_iron":98,"minecraft:stick":10,"minecraft:sandstone":39,"minecraft:copper_ingot":62,"minecraft:oak_fence":2,"minecraft:torch":82,"minecraft:bowl":3,"minecraft:spruce_stairs":26,"minecraft:diorite":184,"minecraft:carrot":22,"minecraft:redstone":54,"minecraft:dark_oak_planks":16,"minecraft:tnt":4,"minecraft:stone_sword":3,"minecraft:arrow":3,"minecraft:rotten_flesh":50,"minecraft:golden_hoe":1,"minecraft:glow_berries":6,"minecraft:snowball":28,"minecraft:rail":43,"minecraft:cobblestone":1342,"minecraft:feather":1,"minecraft:andesite":64,"minecraft:tuff":24,"minecraft:gunpowder":5,"minecraft:lapis_lazuli":20,"minecraft:dirt":59,"minecraft:name_tag":1,"minecraft:bone":2,"minecraft:bow":3,"minecraft:raw_gold":22,"minecraft:stone_pickaxe":9,"minecraft:iron_ingot":18,"minecraft:powered_rail":4,"minecraft:oak_planks":4,"minecraft:iron_sword":11,"minecraft:dark_oak_stairs":4,"minecraft:cooked_porkchop":2,"minecraft:pumpkin":16,"minecraft:gravel":3,"minecraft:sand":139,"minecraft:spruce_sapling":2,"minecraft:spruce_log":33,"minecraft:pumpkin_seeds":4,"minecraft:diamond":22,"minecraft:stone_axe":1,"minecraft:iron_helmet":2,"minecraft:granite":145,"minecraft:bone_meal":12,"minecraft:spruce_button":12,"minecraft:melon_seeds":3,"minecraft:dark_oak_fence":5,"minecraft:coal":59},"minecraft:killed_by":{"minecraft:zombie_villager":1,"minecraft:creeper":3,"minecraft:cave_spider":4,"minecraft:skeleton":8,"minecraft:zombie":2},"minecraft:killed":{"minecraft:cave_spider":1,"minecraft:skeleton":1,"minecraft:wolf":1,"minecraft:zombie_villager":1,"minecraft:zombie":6}},"DataVersion":3839}