{"stats":{"minecraft:crafted":{"minecraft:crafting_table":2,"minecraft:spruce_planks":12,"minecraft:spruce_button":4,"minecraft:iron_helmet":1,"minecraft:wooden_pickaxe":1,"minecraft:iron_sword":1,"minecraft:furnace":2,"minecraft:stone_axe":1,"minecraft:iron_chestplate":1,"minecraft:shield":1,"minecraft:stick":16,"minecraft:iron_ingot":19,"minecraft:stone_pickaxe":4,"minecraft:stone_sword":1,"minecraft:torch":4},"minecraft:broken":{"minecraft:stone_pickaxe":3,"minecraft:wooden_pickaxe":1},"minecraft:custom":{"minecraft:interact_with_furnace":17,"minecraft:mob_kills":3,"minecraft:interact_with_crafting_table":22,"minecraft:leave_game":4,"minecraft:time_since_death":401,"minecraft:sleep_in_bed":1,"minecraft:time_since_rest":427,"minecraft:sprint_one_cm":124184,"minecraft:damage_taken":3639,"minecraft:walk_one_cm":163943,"minecraft:damage_blocked_by_shield":225,"minecraft:drop":4,"minecraft:damage_dealt":845,"minecraft:swim_one_cm":167,"minecraft:fly_one_cm":103585,"minecraft:open_chest":4,"minecraft:crouch_one_cm":5438,"minecraft:play_time":98588,"minecraft:deaths":12,"minecraft:sneak_time":2778,"minecraft:walk_under_water_one_cm":29944,"minecraft:jump":1057,"minecraft:walk_on_water_one_cm":9824,"minecraft:total_world_time":98588,"minecraft:fall_one_cm":29287},"minecraft:mined":{"minecraft:dark_oak_planks":5,"minecraft:spruce_planks":20,"minecraft:red_bed":1,"minecraft:crafting_table":1,"minecraft:torch":1,"minecraft:glow_lichen":1,"minecraft:granite":31,"minecraft:grass_block":7,"minecraft:chest":2,"minecraft:copper_ore":35,"minecraft:cobblestone":9,"minecraft:spruce_leaves":4,"minecraft:oak_planks":2,"minecraft:sandstone":12,"minecraft:diorite":48,"minecraft:wall_torch":2,"minecraft:large_fern":2,"minecraft:spruce_stairs":6,"minecraft:iron_ore":36,"minecraft:spruce_log":6,"minecraft:birch_leaves":1,"minecraft:andesite":13,"minecraft:dark_oak_stairs":5,"minecraft:coal_ore":28,"minecraft:gravel":1,"minecraft:sand":24,"minecraft:dirt":19,"minecraft:stone":285,"minecraft:oak_leaves":1,"minecraft:deepslate":27},"minecraft:used":{"minecraft:stone_pickaxe":493,"minecraft:wooden_pickaxe":59,"minecraft:chest":1,"minecraft:shield":4,"minecraft:sandstone":3,"minecraft:iron_sword":15,"minecraft:rotten_flesh":1,"minecraft:torch":4,"minecraft:dirt":12,"minecraft:sand":2,"minecraft:crafting_table":3,"minecraft:red_bed":1,"minecraft:carrot":5,"minecraft:spruce_stairs":1,"minecraft:suspicious_stew":1,"minecraft:iron_pickaxe":7,"minecraft:cobblestone":23,"minecraft:furnace":2,"minecraft:cobbled_deepslate":4},"minecraft:dropped":{"minecraft:iron_sword":1,"minecraft:golden_shovel":1,"minecraft:gold_nugget":7,"minecraft:golden_hoe":1},"minecraft:picked_up":{"minecraft:crafting_table":1,"minecraft:iron_chestplate":2,"minecraft:feather":1,"minecraft:suspicious_stew":1,"minecraft:chest_minecart":1,"minecraft:andesite":48,"minecraft:golden_shovel":2,"minecraft:shield":4,"minecraft:gunpowder":5,"minecraft:red_bed":2,"minecraft:string":4,"minecraft:dirt":37,"minecraft:raw_copper":353,"minecraft:cooked_salmon":8,"minecraft:white_carpet":18,"minecraft:gold_nugget":14,"minecraft:cobbled_deepslate":52,"minecraft:spruce_planks":19,"minecraft:stone_pickaxe":3,"minecraft:iron_ingot":8,"minecraft:iron_pickaxe":2,"minecraft:powered_rail":2,"minecraft:chest":2,"minecraft:iron_sword":3,"minecraft:oak_planks":4,"minecraft:dark_oak_stairs":4,"minecraft:raw_iron":54,"minecraft:sandstone":39,"minecraft:pumpkin":16,"minecraft:torch":71,"minecraft:bowl":3,"minecraft:spruce_stairs":26,"minecraft:gravel":3,"minecraft:sand":139,"minecraft:diorite":176,"minecraft:carrot":22,"minecraft:spruce_log":6,"minecraft:dark_oak_planks":16,"minecraft:tnt":4,"minecraft:stone_sword":3,"minecraft:pumpkin_seeds":4,"minecraft:rotten_flesh":45,"minecraft:stone_axe":1,"minecraft:golden_hoe":1,"minecraft:iron_helmet":2,"minecraft:granite":124,"minecraft:spruce_button":12,"minecraft:dark_oak_fence":5,"minecraft:coal":55,"minecraft:rail":17,"minecraft:cobblestone":875},"minecraft:killed_by":{"minecraft:cave_spider":2,"minecraft:skeleton":4,"minecraft:creeper":3,"minecraft:zombie":1},"minecraft:killed":{"minecraft:zombie":3}},"DataVersion":3839}