{"stats":{"minecraft:crafted":{"minecraft:crafting_table":2,"minecraft:spruce_planks":60,"minecraft:spruce_button":4,"minecraft:iron_helmet":1,"minecraft:wooden_pickaxe":2,"minecraft:iron_sword":2,"minecraft:furnace":2,"minecraft:copper_ingot":62,"minecraft:bone_meal":6,"minecraft:stone_axe":1,"minecraft:iron_chestplate":2,"minecraft:shield":2,"minecraft:stick":28,"minecraft:iron_ingot":33,"minecraft:stone_pickaxe":6,"minecraft:iron_pickaxe":1,"minecraft:stone_sword":1,"minecraft:torch":4},"minecraft:broken":{"minecraft:stone_pickaxe":4,"minecraft:wooden_pickaxe":1},"minecraft:custom":{"minecraft:interact_with_furnace":26,"minecraft:mob_kills":8,"minecraft:interact_with_crafting_table":38,"minecraft:leave_game":7,"minecraft:time_since_death":2335,"minecraft:sleep_in_bed":1,"minecraft:time_since_rest":2367,"minecraft:sprint_one_cm":212185,"minecraft:damage_taken":5608,"minecraft:walk_one_cm":273526,"minecraft:damage_blocked_by_shield":225,"minecraft:drop":4,"minecraft:damage_dealt":1563,"minecraft:swim_one_cm":167,"minecraft:fly_one_cm":139612,"minecraft:open_chest":17,"minecraft:crouch_one_cm":6559,"minecraft:play_time":133402,"minecraft:deaths":19,"minecraft:sneak_time":3203,"minecraft:walk_under_water_one_cm":30474,"minecraft:jump":1675,"minecraft:walk_on_water_one_cm":9923,"minecraft:total_world_time":133402,"minecraft:fall_one_cm":42280},"minecraft:mined":{"minecraft:dark_oak_planks":5,"minecraft:spruce_planks":20,"minecraft:red_bed":2,"minecraft:glow_lichen":1,"minecraft:torch":2,"minecraft:crafting_table":2,"minecraft:granite":33,"minecraft:grass_block":9,"minecraft:chest":3,"minecraft:copper_ore":35,"minecraft:cobblestone":9,"minecraft:spruce_leaves":17,"minecraft:oak_planks":2,"minecraft:sandstone":12,"minecraft:diorite":49,"minecraft:wall_torch":3,"minecraft:large_fern":2,"minecraft:spruce_stairs":6,"minecraft:redstone_ore":2,"minecraft:furnace":2,"minecraft:iron_ore":51,"minecraft:spruce_log":25,"minecraft:birch_leaves":1,"minecraft:andesite":23,"minecraft:dark_oak_stairs":5,"minecraft:coal_ore":28,"minecraft:rail":4,"minecraft:gravel":1,"minecraft:sand":24,"minecraft:dirt":20,"minecraft:stone":512,"minecraft:oak_leaves":1,"minecraft:deepslate":29},"minecraft:used":{"minecraft:diorite":1,"minecraft:stone_pickaxe":715,"minecraft:sandstone":3,"minecraft:chest":2,"minecraft:wooden_pickaxe":71,"minecraft:shield":4,"minecraft:iron_sword":68,"minecraft:rotten_flesh":2,"minecraft:torch":4,"minecraft:glow_berries":5,"minecraft:dirt":12,"minecraft:sand":2,"minecraft:rail":21,"minecraft:crafting_table":4,"minecraft:red_bed":2,"minecraft:carrot":5,"minecraft:spruce_stairs":1,"minecraft:snowball":2,"minecraft:granite":2,"minecraft:iron_pickaxe":41,"minecraft:suspicious_stew":1,"minecraft:spruce_sapling":2,"minecraft:cobblestone":23,"minecraft:furnace":4,"minecraft:andesite":5,"minecraft:chest_minecart":1,"minecraft:cobbled_deepslate":4},"minecraft:dropped":{"minecraft:iron_sword":1,"minecraft:golden_shovel":1,"minecraft:gold_nugget":7,"minecraft:golden_hoe":1},"minecraft:picked_up":{"minecraft:crafting_table":2,"minecraft:iron_chestplate":3,"minecraft:feather":1,"minecraft:suspicious_stew":1,"minecraft:chest_minecart":5,"minecraft:andesite":61,"minecraft:enchanted_book":1,"minecraft:golden_shovel":2,"minecraft:shield":7,"minecraft:gunpowder":5,"minecraft:string":8,"minecraft:dirt":59,"minecraft:red_bed":3,"minecraft:raw_copper":353,"minecraft:cooked_salmon":8,"minecraft:white_carpet":18,"minecraft:bone":2,"minecraft:bow":1,"minecraft:gold_nugget":14,"minecraft:cobbled_deepslate":54,"minecraft:spruce_planks":174,"minecraft:iron_ingot":8,"minecraft:stone_pickaxe":9,"minecraft:iron_pickaxe":7,"minecraft:powered_rail":2,"minecraft:chest":3,"minecraft:iron_sword":10,"minecraft:oak_planks":4,"minecraft:dark_oak_stairs":4,"minecraft:furnace":2,"minecraft:stick":10,"minecraft:raw_iron":81,"minecraft:sandstone":39,"minecraft:pumpkin":16,"minecraft:copper_ingot":62,"minecraft:torch":78,"minecraft:bowl":3,"minecraft:spruce_stairs":26,"minecraft:gravel":3,"minecraft:sand":139,"minecraft:spruce_sapling":2,"minecraft:diorite":178,"minecraft:carrot":22,"minecraft:spruce_log":33,"minecraft:redstone":10,"minecraft:dark_oak_planks":16,"minecraft:tnt":4,"minecraft:stone_sword":3,"minecraft:pumpkin_seeds":4,"minecraft:arrow":1,"minecraft:rotten_flesh":46,"minecraft:stone_axe":1,"minecraft:golden_hoe":1,"minecraft:iron_helmet":2,"minecraft:granite":128,"minecraft:bone_meal":6,"minecraft:spruce_button":12,"minecraft:glow_berries":6,"minecraft:dark_oak_fence":5,"minecraft:coal":59,"minecraft:snowball":28,"minecraft:rail":39,"minecraft:cobblestone":1328},"minecraft:killed_by":{"minecraft:zombie_villager":1,"minecraft:cave_spider":3,"minecraft:skeleton":8,"minecraft:creeper":3,"minecraft:zombie":2},"minecraft:killed":{"minecraft:wolf":1,"minecraft:cave_spider":1,"minecraft:zombie_villager":1,"minecraft:skeleton":1,"minecraft:zombie":4}},"DataVersion":3839}