{"stats":{"minecraft:crafted":{"minecraft:oak_planks":12,"minecraft:spruce_button":4,"minecraft:furnace":5,"minecraft:bone_meal":6,"minecraft:cooked_mutton":6,"minecraft:iron_boots":1,"minecraft:stone_pickaxe":7,"minecraft:cooked_beef":16,"minecraft:crafting_table":5,"minecraft:spruce_planks":84,"minecraft:iron_helmet":2,"minecraft:wooden_pickaxe":3,"minecraft:iron_sword":3,"minecraft:copper_ingot":62,"minecraft:stone_axe":1,"minecraft:iron_chestplate":4,"minecraft:shield":3,"minecraft:stick":48,"minecraft:iron_ingot":103,"minecraft:iron_pickaxe":5,"minecraft:stone_sword":2,"minecraft:iron_leggings":2,"minecraft:gold_ingot":34,"minecraft:white_bed":1,"minecraft:torch":12},"minecraft:dropped":{"minecraft:iron_sword":2,"minecraft:wheat_seeds":2,"minecraft:golden_horse_armor":1,"minecraft:cobblestone":140,"minecraft:diamond_horse_armor":1,"minecraft:dirt":22,"minecraft:diorite":9,"minecraft:gold_nugget":7,"minecraft:golden_hoe":1,"minecraft:sand":91,"minecraft:spruce_sapling":1,"minecraft:gravel":8,"minecraft:stone_shovel":3,"minecraft:name_tag":1,"minecraft:golden_shovel":1,"minecraft:white_bed":1,"minecraft:andesite":1,"minecraft:calcite":1},"minecraft:killed_by":{"minecraft:zombie_villager":1,"minecraft:creeper":3,"minecraft:pillager":1,"minecraft:cave_spider":4,"minecraft:skeleton":14,"minecraft:zombie":6},"minecraft:killed":{"minecraft:cave_spider":1,"minecraft:spider":2,"minecraft:skeleton":2,"minecraft:chicken":1,"minecraft:wolf":1,"minecraft:zombie_villager":1,"minecraft:creeper":2,"minecraft:sheep":3,"minecraft:zombie":13,"minecraft:cow":9},"minecraft:picked_up":{"minecraft:iron_chestplate":6,"minecraft:crafting_table":7,"minecraft:chicken":2,"minecraft:suspicious_stew":1,"minecraft:chest_minecart":7,"minecraft:brown_mushroom":2,"minecraft:wooden_pickaxe":3,"minecraft:enchanted_book":2,"minecraft:golden_shovel":2,"minecraft:diamond_horse_armor":2,"minecraft:chain":2,"minecraft:shield":14,"minecraft:music_disc_cat":1,"minecraft:string":42,"minecraft:red_bed":6,"minecraft:raw_copper":353,"minecraft:cooked_salmon":8,"minecraft:iron_leggings":3,"minecraft:white_carpet":18,"minecraft:activator_rail":18,"minecraft:cobbled_deepslate":1001,"minecraft:gold_nugget":14,"minecraft:detector_rail":3,"minecraft:bucket":2,"minecraft:spruce_planks":281,"minecraft:beef":18,"minecraft:calcite":3,"minecraft:iron_pickaxe":11,"minecraft:sugar_cane":3,"minecraft:chest":7,"minecraft:furnace":6,"minecraft:iron_boots":2,"minecraft:egg":2,"minecraft:stick":27,"minecraft:raw_iron":276,"minecraft:sandstone":39,"minecraft:copper_ingot":133,"minecraft:oak_fence":8,"minecraft:torch":233,"minecraft:bowl":3,"minecraft:spruce_stairs":26,"minecraft:diorite":258,"minecraft:carrot":22,"minecraft:redstone":310,"minecraft:dark_oak_planks":16,"minecraft:tnt":4,"minecraft:stone_sword":12,"minecraft:arrow":21,"minecraft:stone_shovel":3,"minecraft:rotten_flesh":81,"minecraft:beetroot_seeds":3,"minecraft:golden_hoe":1,"minecraft:gold_ingot":15,"minecraft:glow_berries":10,"minecraft:mutton":6,"minecraft:rail":58,"minecraft:snowball":54,"minecraft:white_wool":3,"minecraft:cobblestone":2058,"minecraft:magma_block":8,"minecraft:feather":3,"minecraft:cooked_beef":4,"minecraft:water_bucket":1,"minecraft:andesite":149,"minecraft:brown_wool":1,"minecraft:leather":6,"minecraft:birch_planks":1,"minecraft:flint":2,"minecraft:tuff":26,"minecraft:oak_log":5,"minecraft:gunpowder":12,"minecraft:lapis_lazuli":80,"minecraft:dirt":194,"minecraft:name_tag":6,"minecraft:bone":23,"minecraft:bow":11,"minecraft:wheat_seeds":4,"minecraft:raw_gold":108,"minecraft:iron_ingot":51,"minecraft:stone_pickaxe":10,"minecraft:powered_rail":10,"minecraft:iron_sword":19,"minecraft:oak_planks":42,"minecraft:dark_oak_stairs":4,"minecraft:smooth_basalt":2,"minecraft:cooked_porkchop":2,"minecraft:pumpkin":23,"minecraft:music_disc_13":1,"minecraft:sweet_berries":2,"minecraft:gravel":39,"minecraft:sand":294,"minecraft:spruce_sapling":11,"minecraft:white_bed":2,"minecraft:spruce_log":58,"minecraft:mossy_cobblestone":2,"minecraft:pumpkin_seeds":4,"minecraft:diamond":84,"minecraft:stone_axe":1,"minecraft:iron_helmet":4,"minecraft:granite":244,"minecraft:bone_meal":36,"minecraft:spruce_button":12,"minecraft:golden_horse_armor":2,"minecraft:melon_seeds":12,"minecraft:dark_oak_fence":5,"minecraft:coal":127},"minecraft:broken":{"minecraft:flint_and_steel":1,"minecraft:wooden_pickaxe":2,"minecraft:stone_pickaxe":4,"minecraft:iron_pickaxe":3},"minecraft:used":{"minecraft:stone_sword":92,"minecraft:flint_and_steel":3,"minecraft:chest":4,"minecraft:shield":10,"minecraft:iron_sword":233,"minecraft:rotten_flesh":21,"minecraft:torch":53,"minecraft:dirt":32,"minecraft:spruce_stairs":1,"minecraft:carrot":5,"minecraft:tuff":12,"minecraft:snowball":2,"minecraft:granite":20,"minecraft:magma_block":3,"minecraft:bow":1,"minecraft:sweet_berries":1,"minecraft:furnace":9,"minecraft:cooked_beef":16,"minecraft:cobbled_deepslate":136,"minecraft:pumpkin":1,"minecraft:cooked_mutton":6,"minecraft:water_bucket":1,"minecraft:diorite":20,"minecraft:powered_rail":2,"minecraft:stone_pickaxe":786,"minecraft:wooden_pickaxe":131,"minecraft:sandstone":3,"minecraft:brown_mushroom":1,"minecraft:glow_berries":5,"minecraft:sand":2,"minecraft:rail":21,"minecraft:crafting_table":10,"minecraft:red_bed":3,"minecraft:white_bed":2,"minecraft:bread":1,"minecraft:suspicious_stew":1,"minecraft:iron_pickaxe":1122,"minecraft:spruce_sapling":2,"minecraft:gravel":4,"minecraft:cobblestone":84,"minecraft:andesite":30,"minecraft:cooked_porkchop":2,"minecraft:bucket":1,"minecraft:chest_minecart":1},"minecraft:custom":{"minecraft:interact_with_smithing_table":5,"minecraft:mob_kills":48,"minecraft:interact_with_crafting_table":83,"minecraft:leave_game":19,"minecraft:time_since_death":13916,"minecraft:sprint_one_cm":873434,"minecraft:walk_one_cm":1253018,"minecraft:damage_blocked_by_shield":745,"minecraft:drop":26,"minecraft:talked_to_villager":2,"minecraft:play_time":420064,"minecraft:sneak_time":10742,"minecraft:deaths":33,"minecraft:walk_under_water_one_cm":138880,"minecraft:jump":5977,"minecraft:walk_on_water_one_cm":55212,"minecraft:total_world_time":420064,"minecraft:interact_with_furnace":110,"minecraft:sleep_in_bed":9,"minecraft:time_since_rest":13949,"minecraft:damage_taken":11387,"minecraft:damage_dealt":5676,"minecraft:swim_one_cm":167,"minecraft:fly_one_cm":412504,"minecraft:open_chest":84,"minecraft:crouch_one_cm":15401,"minecraft:fall_one_cm":110890},"minecraft:mined":{"minecraft:dark_oak_planks":5,"minecraft:tuff":14,"minecraft:spruce_planks":20,"minecraft:deepslate_diamond_ore":28,"minecraft:glow_lichen":1,"minecraft:granite":102,"minecraft:grass_block":45,"minecraft:spruce_leaves":70,"minecraft:sandstone":12,"minecraft:large_fern":9,"minecraft:magma_block":5,"minecraft:redstone_ore":8,"minecraft:furnace":6,"minecraft:iron_ore":122,"minecraft:cobbled_deepslate":12,"minecraft:andesite":61,"minecraft:pumpkin":7,"minecraft:deepslate_lapis_ore":4,"minecraft:dark_oak_stairs":5,"minecraft:deepslate_iron_ore":23,"minecraft:rail":12,"minecraft:stone":741,"minecraft:deepslate_redstone_ore":19,"minecraft:brown_mushroom":4,"minecraft:red_bed":4,"minecraft:oak_fence":2,"minecraft:crafting_table":6,"minecraft:torch":6,"minecraft:calcite":1,"minecraft:chest":6,"minecraft:copper_ore":35,"minecraft:cobblestone":15,"minecraft:deepslate_gold_ore":36,"minecraft:oak_planks":5,"minecraft:sugar_cane":2,"minecraft:diorite":92,"minecraft:wall_torch":8,"minecraft:spruce_stairs":6,"minecraft:chain":2,"minecraft:birch_planks":1,"minecraft:sweet_berry_bush":1,"minecraft:spruce_log":45,"minecraft:birch_leaves":1,"minecraft:oak_log":3,"minecraft:coal_ore":75,"minecraft:gravel":20,"minecraft:sand":24,"minecraft:dirt":65,"minecraft:cobweb":13,"minecraft:smooth_basalt":2,"minecraft:gold_ore":1,"minecraft:oak_leaves":2,"minecraft:deepslate":512}},"DataVersion":3839}