{"stats":{"minecraft:crafted":{"minecraft:oak_planks":12,"minecraft:spruce_button":4,"minecraft:furnace":5,"minecraft:bone_meal":18,"minecraft:cooked_mutton":6,"minecraft:iron_boots":1,"minecraft:stone_pickaxe":8,"minecraft:cooked_beef":16,"minecraft:crafting_table":5,"minecraft:spruce_planks":84,"minecraft:iron_helmet":2,"minecraft:wooden_pickaxe":3,"minecraft:iron_sword":4,"minecraft:copper_ingot":62,"minecraft:stone_axe":1,"minecraft:iron_chestplate":4,"minecraft:diamond_pickaxe":1,"minecraft:shield":3,"minecraft:stick":48,"minecraft:iron_ingot":113,"minecraft:iron_pickaxe":7,"minecraft:stone_sword":2,"minecraft:iron_leggings":2,"minecraft:gold_ingot":34,"minecraft:white_bed":1,"minecraft:torch":16},"minecraft:dropped":{"minecraft:iron_sword":2,"minecraft:wheat_seeds":2,"minecraft:golden_horse_armor":1,"minecraft:cobblestone":140,"minecraft:diamond_horse_armor":1,"minecraft:dirt":22,"minecraft:diorite":9,"minecraft:gold_nugget":7,"minecraft:golden_hoe":1,"minecraft:sand":91,"minecraft:spruce_sapling":1,"minecraft:bone":11,"minecraft:gravel":8,"minecraft:stone_shovel":3,"minecraft:name_tag":1,"minecraft:golden_shovel":1,"minecraft:white_bed":1,"minecraft:andesite":1,"minecraft:calcite":1},"minecraft:killed_by":{"minecraft:zombie_villager":1,"minecraft:player":1,"minecraft:creeper":6,"minecraft:pillager":1,"minecraft:cave_spider":4,"minecraft:skeleton":16,"minecraft:zombie":9},"minecraft:killed":{"minecraft:cave_spider":2,"minecraft:spider":2,"minecraft:skeleton":2,"minecraft:chicken":1,"minecraft:wolf":1,"minecraft:zombie_villager":1,"minecraft:creeper":2,"minecraft:sheep":3,"minecraft:zombie":24,"minecraft:cow":9},"minecraft:picked_up":{"minecraft:iron_chestplate":13,"minecraft:crafting_table":7,"minecraft:chicken":2,"minecraft:suspicious_stew":1,"minecraft:chest_minecart":7,"minecraft:brown_mushroom":2,"minecraft:wooden_pickaxe":3,"minecraft:enchanted_book":3,"minecraft:golden_shovel":2,"minecraft:diamond_horse_armor":2,"minecraft:chain":2,"minecraft:shield":18,"minecraft:music_disc_cat":1,"minecraft:string":61,"minecraft:red_bed":6,"minecraft:raw_copper":353,"minecraft:cooked_salmon":8,"minecraft:iron_leggings":4,"minecraft:white_carpet":18,"minecraft:activator_rail":18,"minecraft:cobbled_deepslate":1241,"minecraft:gold_nugget":14,"minecraft:detector_rail":3,"minecraft:bucket":3,"minecraft:spruce_planks":281,"minecraft:beef":18,"minecraft:calcite":3,"minecraft:iron_pickaxe":25,"minecraft:sugar_cane":3,"minecraft:chest":7,"minecraft:furnace":6,"minecraft:iron_boots":6,"minecraft:egg":2,"minecraft:golden_helmet":5,"minecraft:stick":37,"minecraft:raw_iron":351,"minecraft:sandstone":39,"minecraft:copper_ingot":133,"minecraft:oak_fence":22,"minecraft:torch":323,"minecraft:bowl":3,"minecraft:spruce_stairs":26,"minecraft:diorite":278,"minecraft:carrot":22,"minecraft:redstone":310,"minecraft:golden_chestplate":1,"minecraft:dark_oak_planks":16,"minecraft:tnt":4,"minecraft:stone_sword":13,"minecraft:arrow":21,"minecraft:stone_shovel":3,"minecraft:rotten_flesh":118,"minecraft:beetroot_seeds":11,"minecraft:golden_hoe":1,"minecraft:gold_ingot":15,"minecraft:glow_berries":28,"minecraft:mutton":6,"minecraft:rail":91,"minecraft:snowball":54,"minecraft:white_wool":3,"minecraft:cobblestone":2490,"minecraft:magma_block":12,"minecraft:feather":3,"minecraft:cooked_beef":4,"minecraft:glow_ink_sac":6,"minecraft:water_bucket":1,"minecraft:andesite":150,"minecraft:brown_wool":1,"minecraft:leather":6,"minecraft:birch_planks":2,"minecraft:flint":2,"minecraft:tuff":32,"minecraft:oak_log":5,"minecraft:gunpowder":13,"minecraft:lapis_lazuli":84,"minecraft:dirt":211,"minecraft:name_tag":6,"minecraft:bone":24,"minecraft:bow":11,"minecraft:wheat_seeds":4,"minecraft:raw_gold":123,"minecraft:iron_ingot":51,"minecraft:stone_pickaxe":11,"minecraft:powered_rail":10,"minecraft:iron_sword":26,"minecraft:oak_planks":47,"minecraft:dark_oak_stairs":4,"minecraft:smooth_basalt":2,"minecraft:cooked_porkchop":2,"minecraft:pumpkin":23,"minecraft:music_disc_13":1,"minecraft:sweet_berries":2,"minecraft:gravel":44,"minecraft:sand":294,"minecraft:spruce_sapling":12,"minecraft:white_bed":2,"minecraft:spruce_log":58,"minecraft:spider_eye":8,"minecraft:mossy_cobblestone":2,"minecraft:pumpkin_seeds":13,"minecraft:diamond":113,"minecraft:stone_axe":1,"minecraft:iron_helmet":5,"minecraft:granite":431,"minecraft:bone_meal":36,"minecraft:spruce_button":12,"minecraft:golden_horse_armor":2,"minecraft:melon_seeds":12,"minecraft:dark_oak_fence":5,"minecraft:coal":150,"minecraft:diamond_pickaxe":4},"minecraft:broken":{"minecraft:flint_and_steel":1,"minecraft:wooden_pickaxe":2,"minecraft:stone_pickaxe":4,"minecraft:iron_pickaxe":3},"minecraft:used":{"minecraft:stone_sword":92,"minecraft:flint_and_steel":3,"minecraft:chest":4,"minecraft:shield":10,"minecraft:iron_sword":413,"minecraft:rotten_flesh":31,"minecraft:torch":73,"minecraft:dirt":66,"minecraft:spruce_stairs":1,"minecraft:carrot":5,"minecraft:tuff":14,"minecraft:snowball":2,"minecraft:granite":20,"minecraft:magma_block":9,"minecraft:bow":1,"minecraft:sweet_berries":1,"minecraft:furnace":9,"minecraft:cooked_beef":16,"minecraft:cobbled_deepslate":181,"minecraft:pumpkin":1,"minecraft:cooked_mutton":6,"minecraft:water_bucket":2,"minecraft:diorite":22,"minecraft:powered_rail":2,"minecraft:stone_pickaxe":903,"minecraft:oak_planks":2,"minecraft:wooden_pickaxe":131,"minecraft:sandstone":3,"minecraft:brown_mushroom":1,"minecraft:glow_berries":5,"minecraft:sand":2,"minecraft:rail":21,"minecraft:crafting_table":10,"minecraft:red_bed":3,"minecraft:white_bed":2,"minecraft:diamond_pickaxe":18,"minecraft:iron_pickaxe":1369,"minecraft:bread":1,"minecraft:suspicious_stew":1,"minecraft:spruce_sapling":3,"minecraft:gravel":5,"minecraft:cobblestone":121,"minecraft:andesite":30,"minecraft:cooked_porkchop":2,"minecraft:bucket":2,"minecraft:chest_minecart":1,"minecraft:bone_meal":12},"minecraft:custom":{"minecraft:interact_with_smithing_table":6,"minecraft:mob_kills":62,"minecraft:interact_with_crafting_table":88,"minecraft:leave_game":22,"minecraft:time_since_death":2764,"minecraft:sprint_one_cm":1053785,"minecraft:walk_one_cm":1500724,"minecraft:damage_blocked_by_shield":745,"minecraft:drop":28,"minecraft:talked_to_villager":2,"minecraft:play_time":491049,"minecraft:sneak_time":15019,"minecraft:deaths":44,"minecraft:walk_under_water_one_cm":146283,"minecraft:jump":6968,"minecraft:walk_on_water_one_cm":82164,"minecraft:total_world_time":491049,"minecraft:interact_with_furnace":116,"minecraft:sleep_in_bed":9,"minecraft:time_since_rest":2792,"minecraft:damage_taken":14347,"minecraft:damage_dealt":8398,"minecraft:swim_one_cm":167,"minecraft:fly_one_cm":468167,"minecraft:open_chest":95,"minecraft:crouch_one_cm":22421,"minecraft:fall_one_cm":134007},"minecraft:mined":{"minecraft:dark_oak_planks":5,"minecraft:tuff":18,"minecraft:spruce_planks":20,"minecraft:deepslate_diamond_ore":45,"minecraft:glow_lichen":1,"minecraft:granite":133,"minecraft:grass_block":45,"minecraft:spruce_leaves":70,"minecraft:sandstone":12,"minecraft:spawner":2,"minecraft:large_fern":9,"minecraft:redstone_ore":8,"minecraft:magma_block":9,"minecraft:spruce_sapling":1,"minecraft:furnace":6,"minecraft:iron_ore":137,"minecraft:cobbled_deepslate":16,"minecraft:andesite":61,"minecraft:pumpkin":7,"minecraft:deepslate_lapis_ore":5,"minecraft:dark_oak_stairs":5,"minecraft:deepslate_iron_ore":44,"minecraft:rail":18,"minecraft:stone":806,"minecraft:deepslate_redstone_ore":19,"minecraft:brown_mushroom":4,"minecraft:red_bed":4,"minecraft:oak_fence":7,"minecraft:crafting_table":6,"minecraft:torch":16,"minecraft:calcite":1,"minecraft:chest":6,"minecraft:copper_ore":35,"minecraft:cobblestone":15,"minecraft:deepslate_gold_ore":36,"minecraft:oak_planks":10,"minecraft:sugar_cane":2,"minecraft:diorite":95,"minecraft:wall_torch":17,"minecraft:spruce_stairs":6,"minecraft:chain":2,"minecraft:birch_planks":1,"minecraft:sweet_berry_bush":1,"minecraft:spruce_log":45,"minecraft:birch_leaves":1,"minecraft:oak_log":3,"minecraft:coal_ore":77,"minecraft:gravel":24,"minecraft:sand":24,"minecraft:dirt":79,"minecraft:cobweb":26,"minecraft:smooth_basalt":2,"minecraft:gold_ore":6,"minecraft:oak_leaves":2,"minecraft:deepslate":678}},"DataVersion":3839}