{"stats":{"minecraft:custom":{"minecraft:mob_kills":31,"minecraft:interact_with_crafting_table":57,"minecraft:leave_game":14,"minecraft:time_since_death":7434,"minecraft:sprint_one_cm":628607,"minecraft:walk_one_cm":873736,"minecraft:damage_blocked_by_shield":225,"minecraft:drop":18,"minecraft:play_time":278592,"minecraft:sneak_time":5951,"minecraft:deaths":30,"minecraft:walk_under_water_one_cm":45812,"minecraft:jump":4050,"minecraft:walk_on_water_one_cm":17255,"minecraft:total_world_time":278592,"minecraft:interact_with_furnace":67,"minecraft:sleep_in_bed":6,"minecraft:time_since_rest":7461,"minecraft:damage_taken":9402,"minecraft:damage_dealt":3181,"minecraft:swim_one_cm":167,"minecraft:fly_one_cm":299927,"minecraft:open_chest":27,"minecraft:crouch_one_cm":9300,"minecraft:fall_one_cm":82366},"minecraft:killed":{"minecraft:cave_spider":1,"minecraft:skeleton":1,"minecraft:chicken":1,"minecraft:wolf":1,"minecraft:zombie_villager":1,"minecraft:creeper":1,"minecraft:sheep":3,"minecraft:zombie":6,"minecraft:cow":3},"minecraft:picked_up":{"minecraft:crafting_table":2,"minecraft:iron_chestplate":4,"minecraft:chicken":2,"minecraft:suspicious_stew":1,"minecraft:chest_minecart":6,"minecraft:brown_mushroom":2,"minecraft:wooden_pickaxe":2,"minecraft:enchanted_book":2,"minecraft:golden_shovel":2,"minecraft:chain":2,"minecraft:shield":12,"minecraft:red_bed":6,"minecraft:string":30,"minecraft:raw_copper":353,"minecraft:cooked_salmon":8,"minecraft:iron_leggings":1,"minecraft:white_carpet":18,"minecraft:activator_rail":15,"minecraft:cobbled_deepslate":747,"minecraft:gold_nugget":14,"minecraft:detector_rail":3,"minecraft:spruce_planks":252,"minecraft:beef":4,"minecraft:iron_pickaxe":9,"minecraft:chest":5,"minecraft:sugar_cane":3,"minecraft:furnace":5,"minecraft:egg":2,"minecraft:stick":24,"minecraft:raw_iron":181,"minecraft:sandstone":39,"minecraft:copper_ingot":133,"minecraft:oak_fence":8,"minecraft:torch":180,"minecraft:bowl":3,"minecraft:spruce_stairs":26,"minecraft:diorite":209,"minecraft:carrot":22,"minecraft:redstone":247,"minecraft:dark_oak_planks":16,"minecraft:tnt":4,"minecraft:stone_sword":9,"minecraft:arrow":21,"minecraft:rotten_flesh":66,"minecraft:stone_shovel":3,"minecraft:golden_hoe":1,"minecraft:gold_ingot":15,"minecraft:glow_berries":6,"minecraft:mutton":5,"minecraft:rail":53,"minecraft:snowball":54,"minecraft:white_wool":3,"minecraft:cobblestone":1663,"minecraft:feather":3,"minecraft:water_bucket":1,"minecraft:andesite":69,"minecraft:leather":1,"minecraft:tuff":24,"minecraft:oak_log":5,"minecraft:gunpowder":5,"minecraft:lapis_lazuli":80,"minecraft:dirt":134,"minecraft:name_tag":4,"minecraft:bone":6,"minecraft:bow":11,"minecraft:wheat_seeds":3,"minecraft:raw_gold":86,"minecraft:stone_pickaxe":10,"minecraft:iron_ingot":49,"minecraft:powered_rail":10,"minecraft:iron_sword":15,"minecraft:oak_planks":40,"minecraft:dark_oak_stairs":4,"minecraft:cooked_porkchop":2,"minecraft:pumpkin":19,"minecraft:sweet_berries":2,"minecraft:gravel":3,"minecraft:sand":294,"minecraft:spruce_sapling":9,"minecraft:white_bed":2,"minecraft:spruce_log":49,"minecraft:mossy_cobblestone":2,"minecraft:pumpkin_seeds":4,"minecraft:diamond":66,"minecraft:stone_axe":1,"minecraft:iron_helmet":2,"minecraft:granite":147,"minecraft:bone_meal":36,"minecraft:spruce_button":12,"minecraft:melon_seeds":12,"minecraft:dark_oak_fence":5,"minecraft:coal":75},"minecraft:broken":{"minecraft:wooden_pickaxe":1,"minecraft:stone_pickaxe":4,"minecraft:iron_pickaxe":1},"minecraft:mined":{"minecraft:dark_oak_planks":5,"minecraft:tuff":12,"minecraft:spruce_planks":20,"minecraft:deepslate_diamond_ore":11,"minecraft:glow_lichen":1,"minecraft:granite":53,"minecraft:grass_block":34,"minecraft:spruce_leaves":63,"minecraft:sandstone":12,"minecraft:large_fern":5,"minecraft:redstone_ore":2,"minecraft:furnace":5,"minecraft:iron_ore":78,"minecraft:andesite":23,"minecraft:pumpkin":3,"minecraft:deepslate_lapis_ore":4,"minecraft:dark_oak_stairs":5,"minecraft:deepslate_iron_ore":17,"minecraft:rail":12,"minecraft:stone":611,"minecraft:deepslate_redstone_ore":18,"minecraft:brown_mushroom":4,"minecraft:red_bed":4,"minecraft:oak_fence":2,"minecraft:crafting_table":2,"minecraft:torch":4,"minecraft:chest":4,"minecraft:copper_ore":35,"minecraft:cobblestone":11,"minecraft:deepslate_gold_ore":17,"minecraft:sugar_cane":2,"minecraft:oak_planks":4,"minecraft:diorite":59,"minecraft:wall_torch":7,"minecraft:spruce_stairs":6,"minecraft:chain":2,"minecraft:sweet_berry_bush":1,"minecraft:spruce_log":36,"minecraft:birch_leaves":1,"minecraft:oak_log":3,"minecraft:coal_ore":34,"minecraft:gravel":1,"minecraft:sand":24,"minecraft:dirt":42,"minecraft:cobweb":13,"minecraft:oak_leaves":1,"minecraft:deepslate":322},"minecraft:crafted":{"minecraft:oak_planks":12,"minecraft:spruce_button":4,"minecraft:furnace":4,"minecraft:bone_meal":6,"minecraft:cooked_mutton":5,"minecraft:stone_pickaxe":7,"minecraft:cooked_beef":4,"minecraft:crafting_table":5,"minecraft:spruce_planks":76,"minecraft:iron_helmet":1,"minecraft:wooden_pickaxe":3,"minecraft:iron_sword":3,"minecraft:copper_ingot":62,"minecraft:stone_axe":1,"minecraft:iron_chestplate":3,"minecraft:shield":2,"minecraft:stick":44,"minecraft:iron_ingot":51,"minecraft:iron_pickaxe":3,"minecraft:stone_sword":2,"minecraft:gold_ingot":15,"minecraft:iron_leggings":1,"minecraft:white_bed":1,"minecraft:torch":8},"minecraft:dropped":{"minecraft:iron_sword":1,"minecraft:wheat_seeds":2,"minecraft:cobblestone":114,"minecraft:dirt":22,"minecraft:diorite":9,"minecraft:gold_nugget":7,"minecraft:golden_hoe":1,"minecraft:sand":91,"minecraft:spruce_sapling":1,"minecraft:stone_shovel":3,"minecraft:golden_shovel":1,"minecraft:white_bed":1},"minecraft:used":{"minecraft:stone_sword":49,"minecraft:chest":2,"minecraft:shield":4,"minecraft:iron_sword":104,"minecraft:rotten_flesh":11,"minecraft:torch":8,"minecraft:dirt":18,"minecraft:spruce_stairs":1,"minecraft:carrot":5,"minecraft:tuff":12,"minecraft:snowball":2,"minecraft:granite":20,"minecraft:bow":1,"minecraft:sweet_berries":1,"minecraft:furnace":8,"minecraft:cooked_beef":4,"minecraft:cobbled_deepslate":54,"minecraft:cooked_mutton":5,"minecraft:water_bucket":1,"minecraft:diorite":4,"minecraft:powered_rail":2,"minecraft:stone_pickaxe":786,"minecraft:wooden_pickaxe":108,"minecraft:sandstone":3,"minecraft:brown_mushroom":1,"minecraft:glow_berries":5,"minecraft:sand":2,"minecraft:rail":21,"minecraft:crafting_table":7,"minecraft:red_bed":3,"minecraft:white_bed":2,"minecraft:bread":1,"minecraft:iron_pickaxe":500,"minecraft:suspicious_stew":1,"minecraft:spruce_sapling":2,"minecraft:cobblestone":71,"minecraft:cooked_porkchop":2,"minecraft:andesite":7,"minecraft:bucket":1,"minecraft:chest_minecart":1},"minecraft:killed_by":{"minecraft:zombie_villager":1,"minecraft:creeper":3,"minecraft:pillager":1,"minecraft:cave_spider":4,"minecraft:skeleton":13,"minecraft:zombie":6}},"DataVersion":3839}