{"stats":{"minecraft:custom":{"minecraft:jump":83,"minecraft:time_since_rest":5375,"minecraft:damage_taken":167,"minecraft:damage_dealt":60,"minecraft:crouch_one_cm":418,"minecraft:sprint_one_cm":11539,"minecraft:play_time":5375,"minecraft:time_since_death":5375,"minecraft:walk_one_cm":14720,"minecraft:sneak_time":198,"minecraft:climb_one_cm":194,"minecraft:total_world_time":5375,"minecraft:mob_kills":1,"minecraft:fall_one_cm":1079,"minecraft:fly_one_cm":3898},"minecraft:killed":{"minecraft:parrot":1},"minecraft:picked_up":{"minecraft:feather":2,"minecraft:jungle_log":1,"minecraft:bamboo":8},"minecraft:mined":{"minecraft:bamboo_sapling":1,"minecraft:bamboo":1,"minecraft:vine":3,"minecraft:jungle_log":1},"minecraft:used":{"minecraft:bamboo":1}},"DataVersion":3839}