{"stats":{"minecraft:crafted":{"minecraft:stone_shovel":1,"minecraft:cooked_chicken":2,"minecraft:furnace":8,"minecraft:cooked_mutton":6,"minecraft:iron_boots":1,"minecraft:iron_axe":1,"minecraft:stone_pickaxe":3,"minecraft:chest":1,"minecraft:cooked_beef":1,"minecraft:cooked_porkchop":13,"minecraft:crafting_table":8,"minecraft:spruce_planks":116,"minecraft:wooden_pickaxe":1,"minecraft:iron_helmet":1,"minecraft:cooked_salmon":3,"minecraft:copper_ingot":59,"minecraft:bucket":1,"minecraft:stone_axe":2,"minecraft:shield":2,"minecraft:stick":44,"minecraft:iron_ingot":59,"minecraft:iron_pickaxe":1,"minecraft:wooden_axe":1,"minecraft:iron_leggings":1,"minecraft:white_bed":1,"minecraft:torch":84},"minecraft:broken":{"minecraft:stone_pickaxe":1,"minecraft:shield":1,"minecraft:golden_sword":1,"minecraft:stone_axe":1,"minecraft:iron_pickaxe":1},"minecraft:custom":{"minecraft:mob_kills":46,"minecraft:interact_with_crafting_table":42,"minecraft:time_since_death":96831,"minecraft:sprint_one_cm":557275,"minecraft:walk_one_cm":490222,"minecraft:damage_blocked_by_shield":3523,"minecraft:drop":30,"minecraft:play_time":191546,"minecraft:deaths":7,"minecraft:sneak_time":11276,"minecraft:walk_under_water_one_cm":15470,"minecraft:jump":1547,"minecraft:walk_on_water_one_cm":47426,"minecraft:total_world_time":191546,"minecraft:interact_with_furnace":74,"minecraft:sleep_in_bed":3,"minecraft:time_since_rest":2195,"minecraft:damage_taken":3386,"minecraft:damage_dealt":5631,"minecraft:swim_one_cm":44280,"minecraft:fly_one_cm":95576,"minecraft:open_chest":39,"minecraft:crouch_one_cm":32243,"minecraft:fall_one_cm":15063},"minecraft:mined":{"minecraft:dark_oak_planks":15,"minecraft:tuff":2,"minecraft:spruce_planks":37,"minecraft:white_bed":3,"minecraft:mossy_cobblestone":1,"minecraft:deepslate_diamond_ore":14,"minecraft:granite":1,"minecraft:spruce_trapdoor":1,"minecraft:glow_lichen":1,"minecraft:grass_block":2,"minecraft:spruce_leaves":7,"minecraft:sandstone":43,"minecraft:spawner":2,"minecraft:furnace":1,"minecraft:iron_ore":42,"minecraft:fire":4,"minecraft:snow":26,"minecraft:pumpkin":9,"minecraft:deepslate_lapis_ore":6,"minecraft:dark_oak_stairs":5,"minecraft:deepslate_iron_ore":18,"minecraft:rail":33,"minecraft:stone":136,"minecraft:deepslate_redstone_ore":5,"minecraft:crafting_table":1,"minecraft:torch":1,"minecraft:copper_ore":36,"minecraft:cobblestone":2,"minecraft:deepslate_gold_ore":12,"minecraft:lapis_ore":7,"minecraft:sugar_cane":1,"minecraft:diorite":1,"minecraft:wall_torch":2,"minecraft:spruce_stairs":19,"minecraft:spruce_log":26,"minecraft:bee_nest":1,"minecraft:coal_ore":56,"minecraft:gravel":1,"minecraft:dirt":5,"minecraft:sand":103,"minecraft:cobweb":4,"minecraft:netherrack":36,"minecraft:gold_ore":8,"minecraft:deepslate":294,"minecraft:fern":1},"minecraft:used":{"minecraft:flint_and_steel":61,"minecraft:stone_shovel":114,"minecraft:light_gray_carpet":3,"minecraft:spruce_planks":36,"minecraft:chest":2,"minecraft:shield":42,"minecraft:cooked_salmon":1,"minecraft:cooked_chicken":2,"minecraft:rotten_flesh":3,"minecraft:torch":121,"minecraft:dirt":5,"minecraft:spruce_stairs":3,"minecraft:snowball":20,"minecraft:obsidian":4,"minecraft:dark_oak_planks":14,"minecraft:wooden_axe":21,"minecraft:iron_axe":80,"minecraft:golden_sword":29,"minecraft:furnace":9,"minecraft:egg":1,"minecraft:cooked_beef":1,"minecraft:cobbled_deepslate":54,"minecraft:cooked_mutton":6,"minecraft:water_bucket":1,"minecraft:spruce_door":1,"minecraft:stone_pickaxe":238,"minecraft:wooden_pickaxe":55,"minecraft:sandstone":15,"minecraft:sand":2,"minecraft:crafting_table":9,"minecraft:white_bed":2,"minecraft:redstone_torch":1,"minecraft:bread":2,"minecraft:suspicious_stew":1,"minecraft:iron_pickaxe":480,"minecraft:stone_axe":176,"minecraft:cobblestone":53,"minecraft:cooked_porkchop":11,"minecraft:bucket":2},"minecraft:dropped":{"minecraft:iron_ingot":20,"minecraft:cooked_porkchop":2,"minecraft:cobblestone":71,"minecraft:granite":1,"minecraft:stick":4,"minecraft:dirt":1,"minecraft:diorite":1,"minecraft:wooden_axe":1,"minecraft:iron_pickaxe":1,"minecraft:white_wool":1,"minecraft:spruce_sapling":1,"minecraft:gravel":2,"minecraft:stone_axe":2,"minecraft:cobbled_deepslate":66,"minecraft:spruce_trapdoor":1,"minecraft:spruce_planks":21,"minecraft:sandstone":26,"minecraft:stone_pickaxe":3,"minecraft:wooden_pickaxe":2},"minecraft:picked_up":{"minecraft:wooden_axe":5,"minecraft:crafting_table":1,"minecraft:chicken":5,"minecraft:suspicious_stew":1,"minecraft:wooden_pickaxe":8,"minecraft:golden_shovel":2,"minecraft:shield":2,"minecraft:golden_sword":2,"minecraft:string":6,"minecraft:cooked_salmon":5,"minecraft:raw_copper":124,"minecraft:flint_and_steel":2,"minecraft:white_carpet":9,"minecraft:gold_nugget":14,"minecraft:cobbled_deepslate":164,"minecraft:spruce_planks":216,"minecraft:beef":1,"minecraft:redstone_torch":1,"minecraft:iron_nugget":32,"minecraft:chest":1,"minecraft:sugar_cane":16,"minecraft:spruce_trapdoor":1,"minecraft:egg":11,"minecraft:furnace":1,"minecraft:stick":96,"minecraft:raw_iron":61,"minecraft:sandstone":170,"minecraft:copper_ingot":17,"minecraft:torch":52,"minecraft:bowl":1,"minecraft:spruce_stairs":19,"minecraft:porkchop":3,"minecraft:diorite":1,"minecraft:redstone":27,"minecraft:golden_chestplate":2,"minecraft:dark_oak_planks":22,"minecraft:stone_sword":1,"minecraft:arrow":4,"minecraft:rotten_flesh":17,"minecraft:golden_hoe":2,"minecraft:mutton":8,"minecraft:rail":34,"minecraft:cod":1,"minecraft:snowball":67,"minecraft:white_wool":4,"minecraft:cobblestone":367,"minecraft:feather":24,"minecraft:cooked_beef":1,"minecraft:salmon":3,"minecraft:potato":7,"minecraft:flint":9,"minecraft:lapis_lazuli":77,"minecraft:dirt":26,"minecraft:bone":14,"minecraft:wheat_seeds":1,"minecraft:raw_gold":20,"minecraft:stone_pickaxe":8,"minecraft:iron_ingot":11,"minecraft:cooked_chicken":2,"minecraft:dark_oak_stairs":17,"minecraft:cooked_porkchop":16,"minecraft:pumpkin":18,"minecraft:gravel":3,"minecraft:sand":101,"minecraft:spruce_sapling":5,"minecraft:white_bed":3,"minecraft:spruce_log":71,"minecraft:spruce_door":3,"minecraft:diamond":14,"minecraft:stone_axe":6,"minecraft:granite":1,"minecraft:light_gray_carpet":3,"minecraft:netherrack":64,"minecraft:coal":75},"minecraft:killed_by":{"minecraft:skeleton":5,"minecraft:zombie":2},"minecraft:killed":{"minecraft:spider":2,"minecraft:cod":1,"minecraft:skeleton":7,"minecraft:chicken":5,"minecraft:turtle":1,"minecraft:pig":1,"minecraft:salmon":3,"minecraft:bat":1,"minecraft:sheep":6,"minecraft:zombie":18,"minecraft:cow":1}},"DataVersion":3839}