{"stats":{"minecraft:crafted":{"minecraft:oak_planks":12,"minecraft:stone_shovel":1,"minecraft:iron_nugget":9,"minecraft:cooked_chicken":2,"minecraft:furnace":11,"minecraft:bone_meal":39,"minecraft:cooked_mutton":15,"minecraft:diamond_leggings":2,"minecraft:iron_boots":2,"minecraft:iron_axe":3,"minecraft:stone_pickaxe":3,"minecraft:chest":2,"minecraft:cooked_beef":13,"minecraft:cooked_porkchop":13,"minecraft:crafting_table":10,"minecraft:spruce_planks":124,"minecraft:iron_helmet":1,"minecraft:wooden_pickaxe":1,"minecraft:baked_potato":61,"minecraft:iron_sword":1,"minecraft:smithing_table":1,"minecraft:cooked_salmon":3,"minecraft:copper_ingot":59,"minecraft:bucket":2,"minecraft:stone_axe":2,"minecraft:gold_nugget":99,"minecraft:shield":2,"minecraft:stick":52,"minecraft:iron_ingot":114,"minecraft:iron_pickaxe":4,"minecraft:wooden_axe":1,"minecraft:iron_block":13,"minecraft:iron_leggings":1,"minecraft:gold_ingot":42,"minecraft:anvil":3,"minecraft:white_bed":1,"minecraft:torch":84,"minecraft:golden_hoe":1,"minecraft:diamond_chestplate":2},"minecraft:dropped":{"minecraft:water_bucket":1,"minecraft:iron_ingot":20,"minecraft:porkchop":2,"minecraft:wheat_seeds":4,"minecraft:golden_horse_armor":1,"minecraft:cooked_porkchop":2,"minecraft:poisonous_potato":1,"minecraft:cobblestone":71,"minecraft:granite":13,"minecraft:grass_block":2,"minecraft:flint":8,"minecraft:stick":14,"minecraft:diamond_horse_armor":1,"minecraft:dirt":68,"minecraft:diorite":3,"minecraft:wooden_axe":1,"minecraft:snowball":32,"minecraft:iron_pickaxe":3,"minecraft:white_wool":1,"minecraft:bucket":1,"minecraft:gold_ingot":3,"minecraft:spruce_sapling":1,"minecraft:bone":3,"minecraft:gravel":2,"minecraft:stone_axe":2,"minecraft:cobbled_deepslate":168,"minecraft:tuff":1,"minecraft:raw_iron":1,"minecraft:rotten_flesh":2,"minecraft:shield":1,"minecraft:spruce_trapdoor":1,"minecraft:spruce_planks":53,"minecraft:sandstone":26,"minecraft:stone_pickaxe":3,"minecraft:wooden_pickaxe":2},"minecraft:killed_by":{"minecraft:creeper":2,"minecraft:skeleton":5,"minecraft:zombie":2},"minecraft:killed":{"minecraft:spider":6,"minecraft:cod":1,"minecraft:skeleton":10,"minecraft:chicken":5,"minecraft:turtle":1,"minecraft:pig":1,"minecraft:zombie_villager":1,"minecraft:salmon":3,"minecraft:bat":1,"minecraft:sheep":10,"minecraft:zombie":25,"minecraft:cow":4},"minecraft:picked_up":{"minecraft:wooden_axe":5,"minecraft:crafting_table":2,"minecraft:chicken":5,"minecraft:suspicious_stew":1,"minecraft:sentry_armor_trim_smithing_template":4,"minecraft:wooden_pickaxe":8,"minecraft:enchanted_book":3,"minecraft:golden_shovel":2,"minecraft:diamond_horse_armor":2,"minecraft:shield":6,"minecraft:golden_sword":2,"minecraft:string":105,"minecraft:raw_copper":124,"minecraft:iron_axe":2,"minecraft:cooked_salmon":5,"minecraft:flint_and_steel":4,"minecraft:iron_leggings":1,"minecraft:white_carpet":16,"minecraft:beetroot":18,"minecraft:activator_rail":4,"minecraft:gold_nugget":28,"minecraft:cobbled_deepslate":373,"minecraft:bucket":1,"minecraft:spruce_planks":280,"minecraft:beef":13,"minecraft:redstone_torch":1,"minecraft:iron_nugget":98,"minecraft:iron_pickaxe":2,"minecraft:sugar_cane":28,"minecraft:chest":1,"minecraft:spruce_trapdoor":1,"minecraft:furnace":1,"minecraft:iron_boots":2,"minecraft:egg":11,"minecraft:stick":142,"minecraft:raw_iron":77,"minecraft:sandstone":170,"minecraft:copper_ingot":135,"minecraft:oak_fence":3,"minecraft:torch":62,"minecraft:bowl":1,"minecraft:spruce_stairs":19,"minecraft:porkchop":5,"minecraft:diorite":14,"minecraft:carrot":1,"minecraft:redstone":81,"minecraft:golden_chestplate":4,"minecraft:iron_horse_armor":2,"minecraft:dark_oak_planks":22,"minecraft:stone_sword":1,"minecraft:arrow":7,"minecraft:rotten_flesh":26,"minecraft:beetroot_seeds":62,"minecraft:golden_hoe":4,"minecraft:iron_block":23,"minecraft:saddle":4,"minecraft:gold_ingot":47,"minecraft:glow_berries":17,"minecraft:mutton":15,"minecraft:rail":154,"minecraft:cod":1,"minecraft:snowball":163,"minecraft:white_wool":4,"minecraft:cobblestone":465,"minecraft:magma_block":2,"minecraft:feather":40,"minecraft:cooked_beef":9,"minecraft:water_bucket":1,"minecraft:salmon":3,"minecraft:potato":132,"minecraft:flint":33,"minecraft:tuff":1,"minecraft:oak_log":3,"minecraft:gunpowder":10,"minecraft:lapis_lazuli":256,"minecraft:dirt":175,"minecraft:name_tag":1,"minecraft:bone":32,"minecraft:wheat_seeds":5,"minecraft:raw_gold":30,"minecraft:iron_ingot":23,"minecraft:stone_pickaxe":9,"minecraft:cooked_chicken":2,"minecraft:oak_planks":5,"minecraft:dark_oak_stairs":17,"minecraft:cooked_porkchop":16,"minecraft:pumpkin":18,"minecraft:poisonous_potato":2,"minecraft:gravel":3,"minecraft:sand":101,"minecraft:spruce_sapling":5,"minecraft:spruce_log":73,"minecraft:white_bed":3,"minecraft:grass_block":2,"minecraft:spruce_door":3,"minecraft:spider_eye":6,"minecraft:pumpkin_seeds":25,"minecraft:diamond":65,"minecraft:stone_axe":6,"minecraft:iron_helmet":2,"minecraft:granite":21,"minecraft:golden_horse_armor":1,"minecraft:baked_potato":1,"minecraft:netherrack":64,"minecraft:light_gray_carpet":3,"minecraft:melon_seeds":15,"minecraft:coal":86},"minecraft:broken":{"minecraft:golden_shovel":1,"minecraft:stone_pickaxe":1,"minecraft:shield":1,"minecraft:golden_sword":1,"minecraft:iron_axe":1,"minecraft:stone_axe":1,"minecraft:iron_pickaxe":2},"minecraft:used":{"minecraft:oak_fence":1,"minecraft:flint_and_steel":66,"minecraft:stone_shovel":114,"minecraft:light_gray_carpet":3,"minecraft:chest":3,"minecraft:spruce_planks":36,"minecraft:shield":60,"minecraft:iron_sword":134,"minecraft:stone":46,"minecraft:cooked_salmon":1,"minecraft:cooked_chicken":2,"minecraft:rotten_flesh":3,"minecraft:sculk_sensor":15,"minecraft:torch":244,"minecraft:dirt":72,"minecraft:anvil":3,"minecraft:spruce_stairs":3,"minecraft:carrot":1,"minecraft:golden_shovel":32,"minecraft:obsidian":4,"minecraft:snowball":52,"minecraft:dark_oak_planks":14,"minecraft:wooden_axe":21,"minecraft:sea_lantern":30,"minecraft:iron_axe":213,"minecraft:melon_seeds":4,"minecraft:golden_sword":29,"minecraft:magma_block":2,"minecraft:furnace":13,"minecraft:beetroot_seeds":22,"minecraft:egg":1,"minecraft:potato":39,"minecraft:cooked_beef":8,"minecraft:cobbled_deepslate":176,"minecraft:brown_bed":2,"minecraft:cooked_mutton":13,"minecraft:water_bucket":4,"minecraft:spruce_door":1,"minecraft:baked_potato":25,"minecraft:stone_pickaxe":272,"minecraft:wooden_pickaxe":55,"minecraft:sandstone":15,"minecraft:glow_berries":8,"minecraft:golden_hoe":56,"minecraft:sand":5,"minecraft:crafting_table":11,"minecraft:white_bed":4,"minecraft:redstone_torch":1,"minecraft:bread":4,"minecraft:iron_pickaxe":1123,"minecraft:suspicious_stew":1,"minecraft:stone_axe":176,"minecraft:cobblestone":120,"minecraft:smithing_table":1,"minecraft:cooked_porkchop":11,"minecraft:bucket":6,"minecraft:pumpkin_pie":3,"minecraft:bone_meal":39,"minecraft:experience_bottle":22},"minecraft:custom":{"minecraft:interact_with_smithing_table":10,"minecraft:interact_with_anvil":14,"minecraft:mob_kills":97,"minecraft:animals_bred":1,"minecraft:interact_with_crafting_table":80,"minecraft:bell_ring":4,"minecraft:leave_game":6,"minecraft:time_since_death":178316,"minecraft:climb_one_cm":385,"minecraft:sprint_one_cm":1432883,"minecraft:walk_one_cm":1397789,"minecraft:damage_blocked_by_shield":4838,"minecraft:drop":71,"minecraft:talked_to_villager":45,"minecraft:play_time":544968,"minecraft:deaths":9,"minecraft:sneak_time":25283,"minecraft:walk_under_water_one_cm":30662,"minecraft:jump":3413,"minecraft:interact_with_blast_furnace":1,"minecraft:walk_on_water_one_cm":80635,"minecraft:total_world_time":544968,"minecraft:interact_with_furnace":162,"minecraft:interact_with_cartography_table":1,"minecraft:interact_with_grindstone":1,"minecraft:sleep_in_bed":7,"minecraft:time_since_rest":128311,"minecraft:damage_taken":5714,"minecraft:damage_dealt":11035,"minecraft:player_kills":1,"minecraft:swim_one_cm":64711,"minecraft:fly_one_cm":1284402,"minecraft:open_chest":180,"minecraft:crouch_one_cm":66187,"minecraft:fall_one_cm":27996},"minecraft:mined":{"minecraft:dark_oak_planks":15,"minecraft:tuff":2,"minecraft:farmland":4,"minecraft:spruce_planks":37,"minecraft:white_bed":3,"minecraft:mossy_cobblestone":1,"minecraft:deepslate_diamond_ore":16,"minecraft:cave_vines_plant":2,"minecraft:spruce_trapdoor":1,"minecraft:glow_lichen":1,"minecraft:granite":114,"minecraft:grass_block":16,"minecraft:spruce_leaves":13,"minecraft:sandstone":43,"minecraft:spawner":5,"minecraft:large_fern":5,"minecraft:magma_block":2,"minecraft:furnace":1,"minecraft:iron_ore":59,"minecraft:fire":4,"minecraft:cobbled_deepslate":8,"minecraft:snow":26,"minecraft:andesite":50,"minecraft:pumpkin":9,"minecraft:deepslate_lapis_ore":10,"minecraft:dark_oak_stairs":5,"minecraft:potatoes":34,"minecraft:cave_vines":4,"minecraft:deepslate_iron_ore":19,"minecraft:rail":33,"minecraft:stone":510,"minecraft:deepslate_redstone_ore":5,"minecraft:light_gray_carpet":3,"minecraft:melon_stem":4,"minecraft:snow_block":19,"minecraft:oak_fence":1,"minecraft:crafting_table":2,"minecraft:torch":2,"minecraft:copper_ore":41,"minecraft:cobblestone":8,"minecraft:deepslate_gold_ore":21,"minecraft:lapis_ore":8,"minecraft:oak_planks":4,"minecraft:sugar_cane":1,"minecraft:diorite":22,"minecraft:wall_torch":3,"minecraft:spruce_stairs":19,"minecraft:white_carpet":6,"minecraft:spruce_log":28,"minecraft:bee_nest":1,"minecraft:coal_ore":77,"minecraft:oak_log":3,"minecraft:beetroots":15,"minecraft:gravel":1,"minecraft:dirt":82,"minecraft:sand":103,"minecraft:cobweb":50,"minecraft:netherrack":36,"minecraft:gold_ore":9,"minecraft:deepslate":311,"minecraft:fern":4}},"DataVersion":3839}