{"stats":{"minecraft:killed_by":{"minecraft:creeper":2,"minecraft:skeleton":5,"minecraft:zombie":2},"minecraft:dropped":{"minecraft:water_bucket":1,"minecraft:iron_ingot":20,"minecraft:porkchop":2,"minecraft:wheat_seeds":4,"minecraft:golden_horse_armor":1,"minecraft:cooked_porkchop":2,"minecraft:poisonous_potato":1,"minecraft:cobblestone":71,"minecraft:granite":13,"minecraft:rail":50,"minecraft:grass_block":2,"minecraft:flint":8,"minecraft:stick":14,"minecraft:diamond_horse_armor":1,"minecraft:dirt":68,"minecraft:diorite":3,"minecraft:wooden_axe":1,"minecraft:snowball":32,"minecraft:iron_pickaxe":3,"minecraft:white_wool":1,"minecraft:bucket":1,"minecraft:spruce_sapling":1,"minecraft:bone":3,"minecraft:gold_ingot":3,"minecraft:gravel":2,"minecraft:stone_axe":2,"minecraft:cobbled_deepslate":168,"minecraft:tuff":1,"minecraft:raw_iron":1,"minecraft:rotten_flesh":2,"minecraft:shield":1,"minecraft:spruce_planks":61,"minecraft:spruce_trapdoor":1,"minecraft:sandstone":26,"minecraft:stone_pickaxe":3,"minecraft:wooden_pickaxe":2},"minecraft:picked_up":{"minecraft:wooden_axe":5,"minecraft:crafting_table":2,"minecraft:chicken":5,"minecraft:suspicious_stew":1,"minecraft:sentry_armor_trim_smithing_template":4,"minecraft:wooden_pickaxe":8,"minecraft:enchanted_book":3,"minecraft:golden_shovel":2,"minecraft:diamond_horse_armor":2,"minecraft:shield":6,"minecraft:golden_sword":2,"minecraft:string":105,"minecraft:cooked_salmon":5,"minecraft:raw_copper":124,"minecraft:iron_axe":2,"minecraft:flint_and_steel":4,"minecraft:iron_leggings":1,"minecraft:white_carpet":16,"minecraft:beetroot":18,"minecraft:activator_rail":4,"minecraft:gold_nugget":28,"minecraft:cobbled_deepslate":373,"minecraft:bucket":1,"minecraft:spruce_planks":312,"minecraft:beef":13,"minecraft:redstone_torch":1,"minecraft:iron_nugget":98,"minecraft:iron_pickaxe":2,"minecraft:sugar_cane":28,"minecraft:chest":1,"minecraft:spruce_trapdoor":1,"minecraft:furnace":1,"minecraft:iron_boots":2,"minecraft:egg":11,"minecraft:raw_iron":77,"minecraft:stick":150,"minecraft:sandstone":170,"minecraft:copper_ingot":135,"minecraft:oak_fence":3,"minecraft:torch":62,"minecraft:bowl":1,"minecraft:spruce_stairs":19,"minecraft:porkchop":5,"minecraft:diorite":14,"minecraft:carrot":1,"minecraft:redstone":81,"minecraft:golden_chestplate":4,"minecraft:iron_horse_armor":2,"minecraft:dark_oak_planks":22,"minecraft:stone_sword":1,"minecraft:arrow":7,"minecraft:rotten_flesh":28,"minecraft:beetroot_seeds":62,"minecraft:golden_hoe":4,"minecraft:iron_block":23,"minecraft:saddle":4,"minecraft:gold_ingot":47,"minecraft:rail":204,"minecraft:glow_berries":17,"minecraft:mutton":15,"minecraft:cod":1,"minecraft:snowball":438,"minecraft:white_wool":4,"minecraft:cobblestone":465,"minecraft:magma_block":2,"minecraft:feather":40,"minecraft:cooked_beef":9,"minecraft:water_bucket":1,"minecraft:salmon":3,"minecraft:potato":132,"minecraft:flint":33,"minecraft:tuff":1,"minecraft:oak_log":3,"minecraft:gunpowder":10,"minecraft:lapis_lazuli":256,"minecraft:dirt":340,"minecraft:white_banner":1,"minecraft:name_tag":1,"minecraft:bone":32,"minecraft:wheat_seeds":6,"minecraft:raw_gold":30,"minecraft:iron_ingot":23,"minecraft:stone_pickaxe":9,"minecraft:cooked_chicken":2,"minecraft:oak_planks":5,"minecraft:dark_oak_stairs":17,"minecraft:cooked_porkchop":16,"minecraft:pumpkin":18,"minecraft:poisonous_potato":2,"minecraft:gravel":3,"minecraft:sand":101,"minecraft:spruce_sapling":28,"minecraft:spruce_log":200,"minecraft:white_bed":3,"minecraft:grass_block":2,"minecraft:spider_eye":6,"minecraft:spruce_door":3,"minecraft:pumpkin_seeds":25,"minecraft:diamond":65,"minecraft:stone_axe":6,"minecraft:iron_helmet":2,"minecraft:granite":21,"minecraft:golden_horse_armor":1,"minecraft:baked_potato":1,"minecraft:netherrack":64,"minecraft:light_gray_carpet":3,"minecraft:melon_seeds":15,"minecraft:coal":86},"minecraft:crafted":{"minecraft:oak_planks":12,"minecraft:stone_shovel":1,"minecraft:iron_nugget":9,"minecraft:cooked_chicken":2,"minecraft:furnace":11,"minecraft:bone_meal":39,"minecraft:spruce_pressure_plate":1,"minecraft:spruce_fence":24,"minecraft:flint_and_steel":1,"minecraft:cooked_mutton":15,"minecraft:spruce_stairs":24,"minecraft:diamond_leggings":2,"minecraft:iron_boots":2,"minecraft:iron_axe":4,"minecraft:spruce_wood":30,"minecraft:spruce_slab":48,"minecraft:stone_pickaxe":3,"minecraft:chest":4,"minecraft:cooked_beef":13,"minecraft:cooked_porkchop":13,"minecraft:crafting_table":11,"minecraft:spruce_planks":376,"minecraft:iron_helmet":1,"minecraft:wooden_pickaxe":1,"minecraft:baked_potato":61,"minecraft:iron_sword":1,"minecraft:smithing_table":1,"minecraft:cooked_salmon":3,"minecraft:copper_ingot":59,"minecraft:bucket":2,"minecraft:stone_axe":2,"minecraft:gold_nugget":99,"minecraft:shield":2,"minecraft:stick":132,"minecraft:iron_ingot":123,"minecraft:iron_pickaxe":4,"minecraft:wooden_axe":1,"minecraft:iron_block":13,"minecraft:snow_block":61,"minecraft:iron_shovel":2,"minecraft:iron_leggings":1,"minecraft:gold_ingot":42,"minecraft:anvil":3,"minecraft:white_bed":1,"minecraft:torch":120,"minecraft:golden_hoe":1,"minecraft:diamond_chestplate":2},"minecraft:used":{"minecraft:oak_fence":1,"minecraft:iron_shovel":398,"minecraft:flint_and_steel":152,"minecraft:stone_shovel":114,"minecraft:light_gray_carpet":3,"minecraft:chest":5,"minecraft:spruce_planks":38,"minecraft:shield":63,"minecraft:iron_sword":134,"minecraft:stone":46,"minecraft:cooked_salmon":1,"minecraft:cooked_chicken":2,"minecraft:rotten_flesh":5,"minecraft:sculk_sensor":15,"minecraft:torch":250,"minecraft:anvil":3,"minecraft:dirt":145,"minecraft:spruce_stairs":3,"minecraft:spruce_fence":10,"minecraft:carrot":1,"minecraft:golden_shovel":32,"minecraft:obsidian":4,"minecraft:snowball":69,"minecraft:dark_oak_planks":14,"minecraft:wooden_axe":21,"minecraft:sea_lantern":30,"minecraft:grass_block":20,"minecraft:iron_axe":479,"minecraft:melon_seeds":4,"minecraft:golden_sword":29,"minecraft:magma_block":2,"minecraft:wolf_spawn_egg":2,"minecraft:furnace":13,"minecraft:beetroot_seeds":22,"minecraft:egg":1,"minecraft:potato":39,"minecraft:cooked_beef":8,"minecraft:brown_bed":2,"minecraft:cobbled_deepslate":176,"minecraft:cooked_mutton":13,"minecraft:water_bucket":59,"minecraft:spruce_door":1,"minecraft:baked_potato":38,"minecraft:stone_pickaxe":272,"minecraft:wooden_pickaxe":55,"minecraft:sandstone":15,"minecraft:green_bed":1,"minecraft:glow_berries":8,"minecraft:golden_hoe":56,"minecraft:sand":5,"minecraft:crafting_table":12,"minecraft:white_bed":4,"minecraft:redstone_torch":1,"minecraft:iron_pickaxe":1172,"minecraft:bread":6,"minecraft:suspicious_stew":1,"minecraft:spruce_sapling":23,"minecraft:stone_axe":176,"minecraft:cobblestone":120,"minecraft:smithing_table":1,"minecraft:cooked_porkchop":11,"minecraft:bucket":6,"minecraft:pumpkin_pie":3,"minecraft:bone_meal":39,"minecraft:experience_bottle":22},"minecraft:killed":{"minecraft:spider":7,"minecraft:cod":1,"minecraft:skeleton":10,"minecraft:chicken":5,"minecraft:turtle":1,"minecraft:pig":1,"minecraft:zombie_villager":1,"minecraft:salmon":3,"minecraft:bat":1,"minecraft:sheep":10,"minecraft:pillager":1,"minecraft:zombie":26,"minecraft:cow":4},"minecraft:broken":{"minecraft:iron_shovel":1,"minecraft:golden_shovel":1,"minecraft:flint_and_steel":1,"minecraft:stone_pickaxe":1,"minecraft:shield":1,"minecraft:golden_sword":1,"minecraft:iron_axe":2,"minecraft:stone_axe":1,"minecraft:iron_pickaxe":2},"minecraft:custom":{"minecraft:interact_with_smithing_table":10,"minecraft:interact_with_anvil":14,"minecraft:mob_kills":105,"minecraft:animals_bred":1,"minecraft:interact_with_crafting_table":91,"minecraft:bell_ring":4,"minecraft:leave_game":7,"minecraft:time_since_death":255162,"minecraft:climb_one_cm":385,"minecraft:sprint_one_cm":1685498,"minecraft:walk_one_cm":1544513,"minecraft:damage_blocked_by_shield":5018,"minecraft:drop":73,"minecraft:talked_to_villager":45,"minecraft:play_time":621814,"minecraft:deaths":9,"minecraft:sneak_time":25891,"minecraft:walk_under_water_one_cm":32653,"minecraft:jump":3819,"minecraft:interact_with_blast_furnace":1,"minecraft:walk_on_water_one_cm":95193,"minecraft:total_world_time":621814,"minecraft:interact_with_furnace":164,"minecraft:interact_with_cartography_table":1,"minecraft:interact_with_grindstone":1,"minecraft:sleep_in_bed":9,"minecraft:time_since_rest":11589,"minecraft:damage_taken":6231,"minecraft:damage_dealt":11843,"minecraft:player_kills":1,"minecraft:swim_one_cm":66863,"minecraft:fly_one_cm":1310539,"minecraft:open_chest":191,"minecraft:crouch_one_cm":68338,"minecraft:fall_one_cm":31811},"minecraft:mined":{"minecraft:dark_oak_planks":15,"minecraft:tuff":2,"minecraft:spruce_planks":37,"minecraft:white_bed":3,"minecraft:farmland":4,"minecraft:mossy_cobblestone":1,"minecraft:deepslate_diamond_ore":16,"minecraft:spruce_trapdoor":1,"minecraft:cave_vines_plant":2,"minecraft:glow_lichen":1,"minecraft:granite":114,"minecraft:grass_block":168,"minecraft:spruce_leaves":110,"minecraft:sandstone":43,"minecraft:spawner":5,"minecraft:large_fern":10,"minecraft:magma_block":2,"minecraft:furnace":1,"minecraft:iron_ore":59,"minecraft:fire":5,"minecraft:cobbled_deepslate":8,"minecraft:snow":263,"minecraft:andesite":50,"minecraft:pumpkin":9,"minecraft:deepslate_lapis_ore":10,"minecraft:dark_oak_stairs":5,"minecraft:potatoes":34,"minecraft:cave_vines":4,"minecraft:deepslate_iron_ore":19,"minecraft:rail":33,"minecraft:stone":537,"minecraft:deepslate_redstone_ore":5,"minecraft:light_gray_carpet":3,"minecraft:snow_block":19,"minecraft:melon_stem":4,"minecraft:oak_fence":1,"minecraft:crafting_table":2,"minecraft:torch":2,"minecraft:short_grass":3,"minecraft:copper_ore":41,"minecraft:cobblestone":8,"minecraft:deepslate_gold_ore":21,"minecraft:lapis_ore":8,"minecraft:oak_planks":4,"minecraft:sugar_cane":1,"minecraft:diorite":22,"minecraft:wall_torch":3,"minecraft:spruce_stairs":19,"minecraft:ice":11,"minecraft:white_carpet":6,"minecraft:spruce_log":164,"minecraft:bee_nest":1,"minecraft:coal_ore":77,"minecraft:oak_log":3,"minecraft:beetroots":15,"minecraft:gravel":1,"minecraft:dirt":94,"minecraft:sand":103,"minecraft:cobweb":50,"minecraft:netherrack":36,"minecraft:gold_ore":9,"minecraft:deepslate":311,"minecraft:fern":11}},"DataVersion":3839}