{"stats":{"minecraft:crafted":{"minecraft:stone_shovel":1,"minecraft:crafting_table":2,"minecraft:spruce_planks":32,"minecraft:stick":24,"minecraft:wooden_pickaxe":1,"minecraft:wooden_axe":1,"minecraft:stone_pickaxe":1,"minecraft:furnace":1,"minecraft:cooked_salmon":3,"minecraft:stone_axe":2},"minecraft:broken":{"minecraft:stone_axe":1},"minecraft:custom":{"minecraft:time_since_rest":10187,"minecraft:sprint_one_cm":80666,"minecraft:interact_with_furnace":2,"minecraft:damage_taken":1510,"minecraft:walk_one_cm":44233,"minecraft:mob_kills":14,"minecraft:damage_dealt":2159,"minecraft:swim_one_cm":34552,"minecraft:interact_with_crafting_table":7,"minecraft:fly_one_cm":17333,"minecraft:crouch_one_cm":3014,"minecraft:play_time":29546,"minecraft:deaths":5,"minecraft:sneak_time":1199,"minecraft:walk_under_water_one_cm":12480,"minecraft:jump":216,"minecraft:walk_on_water_one_cm":24312,"minecraft:time_since_death":10150,"minecraft:total_world_time":29546,"minecraft:fall_one_cm":4478},"minecraft:mined":{"minecraft:dark_oak_planks":15,"minecraft:spruce_stairs":19,"minecraft:spruce_planks":37,"minecraft:spruce_log":15,"minecraft:spruce_trapdoor":1,"minecraft:dark_oak_stairs":5,"minecraft:grass_block":2,"minecraft:sand":103,"minecraft:dirt":4,"minecraft:spruce_leaves":1,"minecraft:stone":27,"minecraft:sandstone":40},"minecraft:used":{"minecraft:dark_oak_planks":14,"minecraft:wooden_axe":21,"minecraft:stone_shovel":88,"minecraft:stone_pickaxe":70,"minecraft:suspicious_stew":1,"minecraft:spruce_planks":35,"minecraft:wooden_pickaxe":7,"minecraft:cooked_salmon":1,"minecraft:stone_axe":141,"minecraft:sand":2,"minecraft:dirt":5,"minecraft:crafting_table":2,"minecraft:furnace":1,"minecraft:spruce_stairs":3,"minecraft:egg":1},"minecraft:picked_up":{"minecraft:wooden_axe":5,"minecraft:stick":64,"minecraft:sandstone":105,"minecraft:feather":2,"minecraft:chicken":1,"minecraft:suspicious_stew":1,"minecraft:salmon":3,"minecraft:wooden_pickaxe":5,"minecraft:spruce_stairs":19,"minecraft:potato":5,"minecraft:sand":101,"minecraft:spruce_sapling":4,"minecraft:spruce_log":34,"minecraft:spruce_door":3,"minecraft:dirt":11,"minecraft:dark_oak_planks":22,"minecraft:cooked_salmon":5,"minecraft:rotten_flesh":17,"minecraft:stone_axe":5,"minecraft:spruce_planks":65,"minecraft:iron_ingot":5,"minecraft:stone_pickaxe":5,"minecraft:chest":1,"minecraft:spruce_trapdoor":1,"minecraft:cod":1,"minecraft:dark_oak_stairs":9,"minecraft:cobblestone":54,"minecraft:egg":5},"minecraft:killed_by":{"minecraft:skeleton":3,"minecraft:zombie":2},"minecraft:killed":{"minecraft:zombie":8,"minecraft:chicken":1,"minecraft:salmon":3,"minecraft:turtle":1,"minecraft:cod":1}},"DataVersion":3839}