{"stats":{"minecraft:crafted":{"minecraft:oak_planks":12,"minecraft:stone_shovel":1,"minecraft:cooked_chicken":2,"minecraft:furnace":10,"minecraft:cooked_mutton":15,"minecraft:diamond_leggings":2,"minecraft:iron_boots":1,"minecraft:iron_axe":3,"minecraft:stone_pickaxe":3,"minecraft:chest":1,"minecraft:cooked_beef":13,"minecraft:cooked_porkchop":13,"minecraft:crafting_table":10,"minecraft:spruce_planks":124,"minecraft:baked_potato":9,"minecraft:wooden_pickaxe":1,"minecraft:iron_helmet":1,"minecraft:smithing_table":1,"minecraft:cooked_salmon":3,"minecraft:copper_ingot":59,"minecraft:bucket":1,"minecraft:stone_axe":2,"minecraft:shield":2,"minecraft:stick":52,"minecraft:iron_ingot":83,"minecraft:iron_pickaxe":3,"minecraft:wooden_axe":1,"minecraft:iron_block":6,"minecraft:gold_ingot":21,"minecraft:iron_leggings":1,"minecraft:anvil":2,"minecraft:white_bed":1,"minecraft:torch":84,"minecraft:diamond_chestplate":2},"minecraft:dropped":{"minecraft:water_bucket":1,"minecraft:iron_ingot":20,"minecraft:porkchop":2,"minecraft:wheat_seeds":4,"minecraft:golden_horse_armor":1,"minecraft:cooked_porkchop":2,"minecraft:cobblestone":71,"minecraft:granite":13,"minecraft:grass_block":2,"minecraft:flint":8,"minecraft:stick":4,"minecraft:diamond_horse_armor":1,"minecraft:dirt":68,"minecraft:diorite":1,"minecraft:wooden_axe":1,"minecraft:snowball":32,"minecraft:iron_pickaxe":1,"minecraft:white_wool":1,"minecraft:spruce_sapling":1,"minecraft:bone":3,"minecraft:gravel":2,"minecraft:stone_axe":2,"minecraft:cobbled_deepslate":154,"minecraft:rotten_flesh":2,"minecraft:spruce_trapdoor":1,"minecraft:spruce_planks":53,"minecraft:sandstone":26,"minecraft:wooden_pickaxe":2,"minecraft:stone_pickaxe":3},"minecraft:killed_by":{"minecraft:creeper":2,"minecraft:skeleton":5,"minecraft:zombie":2},"minecraft:killed":{"minecraft:spider":5,"minecraft:cod":1,"minecraft:skeleton":9,"minecraft:chicken":5,"minecraft:turtle":1,"minecraft:pig":1,"minecraft:salmon":3,"minecraft:bat":1,"minecraft:sheep":10,"minecraft:zombie":19,"minecraft:cow":4},"minecraft:picked_up":{"minecraft:wooden_axe":5,"minecraft:crafting_table":1,"minecraft:chicken":5,"minecraft:suspicious_stew":1,"minecraft:sentry_armor_trim_smithing_template":4,"minecraft:wooden_pickaxe":8,"minecraft:enchanted_book":2,"minecraft:golden_shovel":2,"minecraft:diamond_horse_armor":2,"minecraft:shield":4,"minecraft:golden_sword":2,"minecraft:iron_axe":2,"minecraft:string":50,"minecraft:raw_copper":124,"minecraft:cooked_salmon":5,"minecraft:flint_and_steel":4,"minecraft:white_carpet":16,"minecraft:activator_rail":4,"minecraft:gold_nugget":28,"minecraft:cobbled_deepslate":339,"minecraft:spruce_planks":280,"minecraft:beef":13,"minecraft:redstone_torch":1,"minecraft:iron_pickaxe":2,"minecraft:iron_nugget":98,"minecraft:iron_boots":2,"minecraft:chest":1,"minecraft:sugar_cane":28,"minecraft:furnace":1,"minecraft:spruce_trapdoor":1,"minecraft:egg":11,"minecraft:stick":142,"minecraft:raw_iron":61,"minecraft:sandstone":170,"minecraft:copper_ingot":135,"minecraft:torch":54,"minecraft:bowl":1,"minecraft:spruce_stairs":19,"minecraft:porkchop":5,"minecraft:diorite":1,"minecraft:carrot":1,"minecraft:redstone":81,"minecraft:golden_chestplate":4,"minecraft:iron_horse_armor":2,"minecraft:dark_oak_planks":22,"minecraft:stone_sword":1,"minecraft:arrow":6,"minecraft:rotten_flesh":21,"minecraft:beetroot_seeds":44,"minecraft:golden_hoe":4,"minecraft:iron_block":23,"minecraft:gold_ingot":40,"minecraft:saddle":4,"minecraft:glow_berries":16,"minecraft:mutton":15,"minecraft:rail":134,"minecraft:cod":1,"minecraft:snowball":163,"minecraft:white_wool":4,"minecraft:cobblestone":407,"minecraft:feather":40,"minecraft:cooked_beef":9,"minecraft:water_bucket":1,"minecraft:salmon":3,"minecraft:potato":51,"minecraft:flint":33,"minecraft:oak_log":3,"minecraft:gunpowder":8,"minecraft:lapis_lazuli":231,"minecraft:dirt":117,"minecraft:name_tag":1,"minecraft:bone":18,"minecraft:wheat_seeds":5,"minecraft:raw_gold":20,"minecraft:stone_pickaxe":8,"minecraft:iron_ingot":23,"minecraft:cooked_chicken":2,"minecraft:dark_oak_stairs":17,"minecraft:cooked_porkchop":16,"minecraft:pumpkin":18,"minecraft:gravel":3,"minecraft:sand":101,"minecraft:spruce_sapling":5,"minecraft:grass_block":2,"minecraft:white_bed":3,"minecraft:spruce_log":73,"minecraft:spider_eye":4,"minecraft:spruce_door":3,"minecraft:pumpkin_seeds":16,"minecraft:diamond":63,"minecraft:stone_axe":6,"minecraft:iron_helmet":2,"minecraft:granite":21,"minecraft:golden_horse_armor":1,"minecraft:baked_potato":1,"minecraft:melon_seeds":8,"minecraft:light_gray_carpet":3,"minecraft:netherrack":64,"minecraft:coal":84},"minecraft:broken":{"minecraft:golden_shovel":1,"minecraft:stone_pickaxe":1,"minecraft:shield":1,"minecraft:golden_sword":1,"minecraft:iron_axe":1,"minecraft:stone_axe":1,"minecraft:iron_pickaxe":2},"minecraft:used":{"minecraft:flint_and_steel":66,"minecraft:stone_shovel":114,"minecraft:light_gray_carpet":3,"minecraft:chest":2,"minecraft:spruce_planks":36,"minecraft:shield":46,"minecraft:stone":46,"minecraft:cooked_salmon":1,"minecraft:cooked_chicken":2,"minecraft:rotten_flesh":3,"minecraft:sculk_sensor":15,"minecraft:torch":135,"minecraft:dirt":12,"minecraft:anvil":2,"minecraft:spruce_stairs":3,"minecraft:carrot":1,"minecraft:golden_shovel":32,"minecraft:snowball":52,"minecraft:obsidian":4,"minecraft:dark_oak_planks":14,"minecraft:wooden_axe":21,"minecraft:sea_lantern":30,"minecraft:iron_axe":208,"minecraft:golden_sword":29,"minecraft:furnace":12,"minecraft:egg":1,"minecraft:potato":1,"minecraft:cooked_beef":8,"minecraft:cobbled_deepslate":134,"minecraft:brown_bed":2,"minecraft:cooked_mutton":13,"minecraft:water_bucket":1,"minecraft:spruce_door":1,"minecraft:baked_potato":6,"minecraft:stone_pickaxe":238,"minecraft:wooden_pickaxe":55,"minecraft:sandstone":15,"minecraft:glow_berries":2,"minecraft:sand":5,"minecraft:crafting_table":11,"minecraft:white_bed":4,"minecraft:redstone_torch":1,"minecraft:bread":4,"minecraft:iron_pickaxe":909,"minecraft:suspicious_stew":1,"minecraft:stone_axe":176,"minecraft:cobblestone":57,"minecraft:smithing_table":1,"minecraft:cooked_porkchop":11,"minecraft:bucket":2,"minecraft:pumpkin_pie":3,"minecraft:experience_bottle":22},"minecraft:custom":{"minecraft:interact_with_smithing_table":10,"minecraft:interact_with_anvil":9,"minecraft:mob_kills":83,"minecraft:animals_bred":1,"minecraft:interact_with_crafting_table":63,"minecraft:bell_ring":4,"minecraft:leave_game":5,"minecraft:time_since_death":83528,"minecraft:climb_one_cm":385,"minecraft:sprint_one_cm":1189152,"minecraft:walk_one_cm":1085848,"minecraft:damage_blocked_by_shield":3760,"minecraft:drop":59,"minecraft:talked_to_villager":45,"minecraft:play_time":450180,"minecraft:deaths":9,"minecraft:sneak_time":18518,"minecraft:walk_under_water_one_cm":27620,"minecraft:jump":2884,"minecraft:interact_with_blast_furnace":1,"minecraft:walk_on_water_one_cm":62356,"minecraft:total_world_time":450180,"minecraft:interact_with_furnace":112,"minecraft:interact_with_cartography_table":1,"minecraft:interact_with_grindstone":1,"minecraft:sleep_in_bed":7,"minecraft:time_since_rest":33523,"minecraft:damage_taken":4937,"minecraft:damage_dealt":8982,"minecraft:swim_one_cm":62919,"minecraft:fly_one_cm":1238235,"minecraft:open_chest":130,"minecraft:crouch_one_cm":45249,"minecraft:fall_one_cm":25593},"minecraft:mined":{"minecraft:dark_oak_planks":15,"minecraft:tuff":2,"minecraft:spruce_planks":37,"minecraft:white_bed":3,"minecraft:mossy_cobblestone":1,"minecraft:deepslate_diamond_ore":14,"minecraft:glow_lichen":1,"minecraft:spruce_trapdoor":1,"minecraft:granite":85,"minecraft:grass_block":16,"minecraft:spruce_leaves":13,"minecraft:sandstone":43,"minecraft:spawner":2,"minecraft:large_fern":5,"minecraft:furnace":1,"minecraft:cobbled_deepslate":1,"minecraft:iron_ore":42,"minecraft:fire":4,"minecraft:snow":26,"minecraft:andesite":42,"minecraft:pumpkin":9,"minecraft:deepslate_lapis_ore":6,"minecraft:dark_oak_stairs":5,"minecraft:deepslate_iron_ore":18,"minecraft:rail":33,"minecraft:stone":392,"minecraft:deepslate_redstone_ore":5,"minecraft:light_gray_carpet":3,"minecraft:snow_block":19,"minecraft:crafting_table":1,"minecraft:torch":1,"minecraft:copper_ore":41,"minecraft:cobblestone":2,"minecraft:lapis_ore":7,"minecraft:deepslate_gold_ore":12,"minecraft:sugar_cane":1,"minecraft:diorite":1,"minecraft:wall_torch":2,"minecraft:spruce_stairs":19,"minecraft:white_carpet":6,"minecraft:spruce_log":28,"minecraft:bee_nest":1,"minecraft:oak_log":3,"minecraft:coal_ore":75,"minecraft:gravel":1,"minecraft:sand":103,"minecraft:dirt":28,"minecraft:cobweb":4,"minecraft:netherrack":36,"minecraft:gold_ore":8,"minecraft:deepslate":294,"minecraft:fern":4}},"DataVersion":3839}