{"stats":{"minecraft:crafted":{"minecraft:crafting_table":1,"minecraft:spruce_planks":32,"minecraft:stick":24,"minecraft:wooden_pickaxe":1,"minecraft:wooden_axe":1,"minecraft:stone_pickaxe":1,"minecraft:furnace":1,"minecraft:cooked_salmon":3,"minecraft:stone_axe":1},"minecraft:custom":{"minecraft:time_since_rest":3417,"minecraft:sprint_one_cm":58346,"minecraft:interact_with_furnace":2,"minecraft:damage_taken":970,"minecraft:walk_one_cm":26319,"minecraft:mob_kills":9,"minecraft:damage_dealt":1291,"minecraft:swim_one_cm":34375,"minecraft:interact_with_crafting_table":4,"minecraft:fly_one_cm":8743,"minecraft:crouch_one_cm":1214,"minecraft:play_time":17546,"minecraft:deaths":3,"minecraft:sneak_time":701,"minecraft:walk_under_water_one_cm":9765,"minecraft:jump":105,"minecraft:walk_on_water_one_cm":6546,"minecraft:time_since_death":3393,"minecraft:total_world_time":17546,"minecraft:fall_one_cm":3008},"minecraft:mined":{"minecraft:dark_oak_planks":4,"minecraft:spruce_stairs":2,"minecraft:spruce_planks":6,"minecraft:spruce_log":12,"minecraft:grass_block":2,"minecraft:sand":1,"minecraft:dirt":4,"minecraft:spruce_leaves":1,"minecraft:stone":27,"minecraft:sandstone":34},"minecraft:used":{"minecraft:wooden_axe":21,"minecraft:stone_pickaxe":60,"minecraft:wooden_pickaxe":7,"minecraft:cooked_salmon":1,"minecraft:stone_axe":35,"minecraft:dirt":4,"minecraft:crafting_table":1,"minecraft:furnace":1},"minecraft:picked_up":{"minecraft:wooden_axe":3,"minecraft:stick":32,"minecraft:sandstone":33,"minecraft:salmon":3,"minecraft:wooden_pickaxe":3,"minecraft:spruce_stairs":2,"minecraft:potato":3,"minecraft:sand":1,"minecraft:spruce_sapling":2,"minecraft:spruce_log":16,"minecraft:spruce_door":1,"minecraft:dirt":7,"minecraft:dark_oak_planks":3,"minecraft:cooked_salmon":3,"minecraft:rotten_flesh":12,"minecraft:stone_axe":3,"minecraft:spruce_planks":3,"minecraft:iron_ingot":3,"minecraft:stone_pickaxe":3,"minecraft:cod":1,"minecraft:cobblestone":28,"minecraft:egg":4},"minecraft:killed_by":{"minecraft:skeleton":3},"minecraft:killed":{"minecraft:zombie":4,"minecraft:salmon":3,"minecraft:turtle":1,"minecraft:cod":1}},"DataVersion":3839}