{"stats":{"minecraft:custom":{"minecraft:animals_bred":19,"minecraft:interact_with_crafting_table":263,"minecraft:open_barrel":44,"minecraft:bell_ring":4,"minecraft:leave_game":24,"minecraft:time_since_death":300199,"minecraft:sprint_one_cm":4730543,"minecraft:damage_blocked_by_shield":8902,"minecraft:drop":117,"minecraft:talked_to_villager":290,"minecraft:play_time":1718155,"minecraft:deaths":11,"minecraft:jump":10710,"minecraft:walk_on_water_one_cm":129451,"minecraft:interact_with_furnace":357,"minecraft:traded_with_villager":349,"minecraft:interact_with_cartography_table":1,"minecraft:interact_with_loom":1,"minecraft:sleep_in_bed":72,"minecraft:damage_dealt":27917,"minecraft:player_kills":2,"minecraft:crouch_one_cm":204364,"minecraft:horse_one_cm":255608,"minecraft:interact_with_smithing_table":11,"minecraft:interact_with_anvil":25,"minecraft:mob_kills":258,"minecraft:inspect_hopper":8,"minecraft:climb_one_cm":14634,"minecraft:walk_one_cm":4243542,"minecraft:sneak_time":70707,"minecraft:walk_under_water_one_cm":81998,"minecraft:interact_with_blast_furnace":4,"minecraft:total_world_time":1718155,"minecraft:interact_with_stonecutter":24,"minecraft:interact_with_grindstone":4,"minecraft:time_since_rest":385,"minecraft:damage_taken":13034,"minecraft:swim_one_cm":160240,"minecraft:fly_one_cm":2940485,"minecraft:open_chest":495,"minecraft:fall_one_cm":169519},"minecraft:killed":{"minecraft:zombified_piglin":2,"minecraft:spider":16,"minecraft:cod":1,"minecraft:skeleton":18,"minecraft:bee":1,"minecraft:chicken":5,"minecraft:turtle":1,"minecraft:piglin":1,"minecraft:pig":13,"minecraft:zombie_villager":1,"minecraft:salmon":28,"minecraft:sheep":15,"minecraft:pillager":9,"minecraft:zombie":55,"minecraft:stray":1,"minecraft:cow":6,"minecraft:drowned":1,"minecraft:bat":1,"minecraft:hoglin":2,"minecraft:enderman":1},"minecraft:picked_up":{"minecraft:wooden_axe":5,"minecraft:wheat":112,"minecraft:suspicious_stew":1,"minecraft:sentry_armor_trim_smithing_template":4,"minecraft:stone_slab":22,"minecraft:enchanted_book":3,"minecraft:golden_shovel":2,"minecraft:stone_brick_stairs":77,"minecraft:golden_sword":2,"minecraft:polished_deepslate":1,"minecraft:string":146,"minecraft:raw_copper":139,"minecraft:cooked_salmon":6,"minecraft:iron_leggings":1,"minecraft:shroomlight":2,"minecraft:beetroot":36,"minecraft:activator_rail":4,"minecraft:diamond_leggings":2,"minecraft:cobbled_deepslate":439,"minecraft:gold_nugget":89,"minecraft:smooth_stone":2,"minecraft:bucket":2,"minecraft:spruce_planks":889,"minecraft:redstone_torch":1,"minecraft:cobblestone_slab":22,"minecraft:iron_pickaxe":4,"minecraft:melon_slice":132,"minecraft:furnace":1,"minecraft:iron_boots":4,"minecraft:spruce_pressure_plate":1,"minecraft:stick":319,"minecraft:oak_fence":3,"minecraft:torch":152,"minecraft:green_bed":1,"minecraft:spruce_stairs":50,"minecraft:porkchop":32,"minecraft:diorite":20,"minecraft:golden_chestplate":4,"minecraft:stone_sword":1,"minecraft:rotten_flesh":80,"minecraft:iron_block":24,"minecraft:carved_pumpkin":4,"minecraft:cod":1,"minecraft:snowball":891,"minecraft:cobblestone":1378,"minecraft:magma_block":45,"minecraft:leather_chestplate":1,"minecraft:feather":40,"minecraft:cooked_beef":60,"minecraft:water_bucket":1,"minecraft:golden_leggings":2,"minecraft:potato":193,"minecraft:flint":37,"minecraft:tuff":1,"minecraft:lapis_lazuli":256,"minecraft:dirt":666,"minecraft:name_tag":1,"minecraft:leather_boots":3,"minecraft:bone":69,"minecraft:wheat_seeds":273,"minecraft:raw_gold":36,"minecraft:glowstone_dust":12,"minecraft:oak_planks":9,"minecraft:cooked_porkchop":22,"minecraft:poisonous_potato":3,"minecraft:sand":101,"minecraft:ink_sac":1,"minecraft:grass_block":5,"minecraft:iron_hoe":2,"minecraft:spruce_fence_gate":1,"minecraft:diamond":77,"minecraft:granite":21,"minecraft:bone_meal":20,"minecraft:spruce_sign":2,"minecraft:golden_horse_armor":1,"minecraft:bread":12,"minecraft:light_gray_carpet":3,"minecraft:netherrack":220,"minecraft:crimson_roots":1,"minecraft:spruce_leaves":236,"minecraft:crafting_table":3,"minecraft:chicken":5,"minecraft:leather_leggings":1,"minecraft:wooden_pickaxe":8,"minecraft:diamond_horse_armor":2,"minecraft:shield":7,"minecraft:stone_stairs":3,"minecraft:iron_axe":6,"minecraft:flint_and_steel":8,"minecraft:snow":29,"minecraft:white_carpet":16,"minecraft:iron_shovel":2,"minecraft:beef":22,"minecraft:iron_nugget":98,"minecraft:poppy":3,"minecraft:spruce_slab":176,"minecraft:sugar_cane":38,"minecraft:chest":1,"minecraft:spruce_trapdoor":1,"minecraft:egg":24,"minecraft:raw_iron":117,"minecraft:sandstone":170,"minecraft:polished_deepslate_slab":17,"minecraft:stone":195,"minecraft:copper_ingot":135,"minecraft:bowl":4,"minecraft:spruce_fence":13,"minecraft:carrot":223,"minecraft:redstone":81,"minecraft:iron_horse_armor":2,"minecraft:dark_oak_planks":22,"minecraft:arrow":29,"minecraft:diamond_chestplate":2,"minecraft:beetroot_seeds":118,"minecraft:golden_hoe":4,"minecraft:shears":2,"minecraft:saddle":4,"minecraft:gold_ingot":47,"minecraft:glow_berries":17,"minecraft:mutton":25,"minecraft:rail":212,"minecraft:white_wool":9,"minecraft:crimson_stem":2,"minecraft:salmon":26,"minecraft:leather":4,"minecraft:crimson_fungus":1,"minecraft:oak_log":27,"minecraft:cobblestone_wall":1,"minecraft:nether_wart_block":4,"minecraft:gunpowder":10,"minecraft:white_banner":4,"minecraft:spruce_wood":5,"minecraft:iron_ingot":49,"minecraft:stone_pickaxe":9,"minecraft:cooked_chicken":2,"minecraft:iron_sword":2,"minecraft:dark_oak_stairs":17,"minecraft:pumpkin":64,"minecraft:chiseled_stone_bricks":8,"minecraft:stone_brick_slab":4,"minecraft:quartz":39,"minecraft:dandelion":3,"minecraft:gravel":40,"minecraft:spruce_sapling":148,"minecraft:white_bed":4,"minecraft:spruce_log":2136,"minecraft:spruce_door":3,"minecraft:spider_eye":9,"minecraft:pumpkin_seeds":93,"minecraft:stone_axe":6,"minecraft:iron_helmet":4,"minecraft:gray_wool":1,"minecraft:baked_potato":25,"minecraft:melon_seeds":21,"minecraft:coal":163,"minecraft:hopper":4,"minecraft:ender_pearl":3},"minecraft:broken":{"minecraft:iron_shovel":3,"minecraft:shears":1,"minecraft:golden_shovel":1,"minecraft:stone_pickaxe":1,"minecraft:golden_sword":1,"minecraft:stone_axe":1,"minecraft:iron_hoe":1,"minecraft:golden_hoe":1,"minecraft:flint_and_steel":1,"minecraft:shield":2,"minecraft:iron_axe":8,"minecraft:leather_boots":1,"minecraft:iron_pickaxe":6,"minecraft:iron_helmet":1},"minecraft:mined":{"minecraft:dark_oak_planks":15,"minecraft:spruce_planks":91,"minecraft:white_bed":4,"minecraft:farmland":9,"minecraft:carved_pumpkin":4,"minecraft:spruce_trapdoor":1,"minecraft:cave_vines_plant":2,"minecraft:granite":116,"minecraft:grass_block":430,"minecraft:crimson_fungus":1,"minecraft:hopper":3,"minecraft:chiseled_stone_bricks":8,"minecraft:spawner":6,"minecraft:smooth_stone":2,"minecraft:weeping_vines_plant":2,"minecraft:tall_seagrass":1,"minecraft:magma_block":49,"minecraft:glowstone":6,"minecraft:iron_ore":74,"minecraft:cobbled_deepslate":9,"minecraft:fire":8,"minecraft:pumpkin":56,"minecraft:deepslate_lapis_ore":12,"minecraft:dark_oak_stairs":5,"minecraft:cave_vines":4,"minecraft:polished_deepslate_slab":2,"minecraft:spruce_pressure_plate":1,"minecraft:spruce_wood":5,"minecraft:iron_block":1,"minecraft:spruce_slab":69,"minecraft:deepslate_redstone_ore":5,"minecraft:melon_stem":9,"minecraft:torch":7,"minecraft:poppy":1,"minecraft:melon":25,"minecraft:chest":1,"minecraft:nether_quartz_ore":48,"minecraft:cobblestone":11,"minecraft:oak_planks":7,"minecraft:sugar_cane":6,"minecraft:wall_torch":8,"minecraft:spruce_sign":2,"minecraft:deepslate_copper_ore":3,"minecraft:seagrass":2,"minecraft:stone_stairs":3,"minecraft:nether_wart_block":4,"minecraft:wheat":92,"minecraft:pumpkin_stem":1,"minecraft:stone_brick_stairs":83,"minecraft:oak_log":28,"minecraft:beetroots":35,"minecraft:sand":103,"minecraft:dirt":127,"minecraft:netherrack":210,"minecraft:deepslate":343,"minecraft:attached_pumpkin_stem":1,"minecraft:nether_gold_ore":4,"minecraft:tuff":2,"minecraft:mossy_cobblestone":1,"minecraft:deepslate_diamond_ore":16,"minecraft:glow_lichen":5,"minecraft:spruce_fence":13,"minecraft:weeping_vines":1,"minecraft:spruce_leaves":392,"minecraft:sandstone":45,"minecraft:crimson_stem":3,"minecraft:large_fern":14,"minecraft:spruce_sapling":21,"minecraft:furnace":1,"minecraft:carrots":61,"minecraft:snow":701,"minecraft:andesite":50,"minecraft:polished_deepslate":1,"minecraft:potatoes":52,"minecraft:cobblestone_slab":17,"minecraft:shroomlight":2,"minecraft:deepslate_iron_ore":47,"minecraft:rail":33,"minecraft:stone":1076,"minecraft:light_gray_carpet":3,"minecraft:snow_block":19,"minecraft:stone_brick_slab":3,"minecraft:dandelion":1,"minecraft:oak_fence":1,"minecraft:crafting_table":3,"minecraft:short_grass":169,"minecraft:stone_slab":18,"minecraft:copper_ore":51,"minecraft:tall_grass":42,"minecraft:lapis_ore":8,"minecraft:deepslate_gold_ore":27,"minecraft:diorite":37,"minecraft:spruce_stairs":50,"minecraft:cobblestone_wall":1,"minecraft:ice":57,"minecraft:white_carpet":6,"minecraft:spruce_log":1926,"minecraft:bee_nest":2,"minecraft:coal_ore":154,"minecraft:gravel":65,"minecraft:cobweb":50,"minecraft:spruce_fence_gate":1,"minecraft:gold_ore":9,"minecraft:fern":14},"minecraft:crafted":{"minecraft:grindstone":2,"minecraft:oak_planks":108,"minecraft:cobblestone_slab":60,"minecraft:barrel":1,"minecraft:polished_deepslate_wall":4,"minecraft:cooked_chicken":2,"minecraft:lightning_rod":2,"minecraft:stone":751,"minecraft:cooked_mutton":26,"minecraft:spruce_pressure_plate":1,"minecraft:hopper":3,"minecraft:stone_brick_slab":62,"minecraft:diamond_helmet":1,"minecraft:diamond_leggings":3,"minecraft:iron_boots":3,"minecraft:melon_seeds":30,"minecraft:chest":12,"minecraft:chiseled_stone_bricks":60,"minecraft:stone_bricks":139,"minecraft:emerald":327,"minecraft:cooked_porkchop":53,"minecraft:crafting_table":13,"minecraft:spruce_planks":6637,"minecraft:iron_helmet":7,"minecraft:wooden_pickaxe":1,"minecraft:baked_potato":89,"minecraft:smithing_table":1,"minecraft:copper_ingot":74,"minecraft:fletching_table":2,"minecraft:polished_deepslate_slab":66,"minecraft:stone_brick_stairs":102,"minecraft:shield":4,"minecraft:stick":11107,"minecraft:stone_slab":204,"minecraft:iron_ingot":204,"minecraft:iron_pickaxe":8,"minecraft:iron_block":19,"minecraft:snow_block":98,"minecraft:gold_ingot":53,"minecraft:composter":1,"minecraft:spruce_fence_gate":1,"minecraft:beetroot_soup":4,"minecraft:shears":2,"minecraft:golden_carrot":4,"minecraft:stone_shovel":1,"minecraft:fishing_rod":1,"minecraft:iron_nugget":9,"minecraft:furnace":15,"minecraft:jack_o_lantern":1,"minecraft:bone_meal":78,"minecraft:spruce_fence":138,"minecraft:flint_and_steel":1,"minecraft:stone_stairs":4,"minecraft:spruce_stairs":24,"minecraft:polished_deepslate":14,"minecraft:iron_axe":15,"minecraft:spruce_wood":216,"minecraft:iron_hoe":3,"minecraft:spruce_slab":192,"minecraft:stone_pickaxe":3,"minecraft:cobblestone_wall":18,"minecraft:diamond_boots":1,"minecraft:cooked_beef":24,"minecraft:spruce_sign":3,"minecraft:iron_sword":11,"minecraft:bowl":4,"minecraft:cooked_salmon":14,"minecraft:bucket":3,"minecraft:stone_axe":2,"minecraft:air":0,"minecraft:gold_nugget":99,"minecraft:wooden_axe":1,"minecraft:iron_shovel":5,"minecraft:iron_leggings":1,"minecraft:anvil":5,"minecraft:stonecutter":1,"minecraft:white_bed":2,"minecraft:torch":144,"minecraft:diamond_chestplate":3,"minecraft:golden_hoe":1},"minecraft:dropped":{"minecraft:porkchop":2,"minecraft:cooked_porkchop":2,"minecraft:fletching_table":2,"minecraft:rail":50,"minecraft:flint":8,"minecraft:dirt":78,"minecraft:snowball":48,"minecraft:iron_pickaxe":4,"minecraft:white_wool":1,"minecraft:bone":3,"minecraft:gold_ingot":3,"minecraft:gravel":39,"minecraft:stone_axe":2,"minecraft:cobbled_deepslate":168,"minecraft:rotten_flesh":18,"minecraft:poppy":1,"minecraft:leather_boots":2,"minecraft:netherrack":13,"minecraft:water_bucket":1,"minecraft:iron_ingot":20,"minecraft:wheat_seeds":5,"minecraft:golden_horse_armor":1,"minecraft:poisonous_potato":1,"minecraft:iron_helmet":1,"minecraft:cobblestone":71,"minecraft:granite":13,"minecraft:spruce_stairs":16,"minecraft:grass_block":2,"minecraft:stick":19,"minecraft:diamond_horse_armor":1,"minecraft:diorite":3,"minecraft:wooden_axe":1,"minecraft:melon_slice":15,"minecraft:cooked_salmon":1,"minecraft:iron_axe":1,"minecraft:bucket":2,"minecraft:spruce_sapling":1,"minecraft:dandelion":1,"minecraft:bowl":1,"minecraft:tuff":1,"minecraft:raw_iron":1,"minecraft:shield":1,"minecraft:spruce_planks":97,"minecraft:spruce_trapdoor":1,"minecraft:golden_leggings":1,"minecraft:sandstone":26,"minecraft:stone_pickaxe":3,"minecraft:wooden_pickaxe":2},"minecraft:used":{"minecraft:jack_o_lantern":1,"minecraft:polished_deepslate":1,"minecraft:iron_shovel":1187,"minecraft:spruce_slab":677,"minecraft:poppy":1,"minecraft:shield":126,"minecraft:chest":12,"minecraft:iron_sword":477,"minecraft:stone":53,"minecraft:rotten_flesh":5,"minecraft:sculk_sensor":15,"minecraft:spruce_leaves":236,"minecraft:carrot":144,"minecraft:obsidian":4,"minecraft:snowball":395,"minecraft:glass":103,"minecraft:spruce_wood":425,"minecraft:grass_block":23,"minecraft:crimson_roots":1,"minecraft:stone_brick_stairs":187,"minecraft:stone_bricks":339,"minecraft:golden_sword":29,"minecraft:magma_block":2,"minecraft:furnace":17,"minecraft:beetroot_seeds":40,"minecraft:egg":1,"minecraft:potato":123,"minecraft:spruce_door":1,"minecraft:oak_planks":1,"minecraft:stone_pickaxe":272,"minecraft:wooden_pickaxe":55,"minecraft:sandstone":15,"minecraft:composter":1,"minecraft:sugar_cane":10,"minecraft:glow_berries":8,"minecraft:golden_hoe":88,"minecraft:sand":5,"minecraft:loom":1,"minecraft:stone_brick_wall":130,"minecraft:shears":255,"minecraft:pumpkin_seeds":20,"minecraft:lightning_rod":2,"minecraft:redstone_torch":1,"minecraft:melon_slice":75,"minecraft:bread":23,"minecraft:grindstone":4,"minecraft:smithing_table":1,"minecraft:bone_meal":91,"minecraft:oak_fence":1,"minecraft:experience_bottle":22,"minecraft:netherite_sword":25,"minecraft:flint_and_steel":530,"minecraft:carved_pumpkin":3,"minecraft:stone_shovel":114,"minecraft:light_gray_carpet":3,"minecraft:spruce_planks":3345,"minecraft:cooked_salmon":12,"minecraft:cooked_chicken":2,"minecraft:netherrack":52,"minecraft:torch":467,"minecraft:dirt":507,"minecraft:anvil":5,"minecraft:hopper":5,"minecraft:spruce_stairs":453,"minecraft:cobblestone_wall":15,"minecraft:stone_stairs":4,"minecraft:golden_shovel":32,"minecraft:spruce_fence":173,"minecraft:shroomlight":1,"minecraft:dark_oak_planks":14,"minecraft:iron_hoe":583,"minecraft:stone_brick_slab":66,"minecraft:wooden_axe":21,"minecraft:sea_lantern":30,"minecraft:iron_block":5,"minecraft:iron_axe":2707,"minecraft:polished_deepslate_wall":4,"minecraft:barrel":1,"minecraft:melon_seeds":45,"minecraft:wolf_spawn_egg":2,"minecraft:cooked_beef":40,"minecraft:cobbled_deepslate":202,"minecraft:pumpkin":19,"minecraft:beetroot_soup":1,"minecraft:brown_bed":2,"minecraft:wheat_seeds":250,"minecraft:cooked_mutton":19,"minecraft:water_bucket":88,"minecraft:snow_block":30,"minecraft:baked_potato":76,"minecraft:spruce_sign":5,"minecraft:green_bed":1,"minecraft:stonecutter":1,"minecraft:cobblestone_slab":81,"minecraft:spruce_fence_gate":2,"minecraft:leather_boots":1,"minecraft:polished_deepslate_slab":55,"minecraft:crafting_table":15,"minecraft:white_bed":10,"minecraft:campfire":2,"minecraft:spruce_log":29,"minecraft:warped_planks":2,"minecraft:iron_pickaxe":2414,"minecraft:suspicious_stew":1,"minecraft:spruce_pressure_plate":2,"minecraft:stone_slab":539,"minecraft:spruce_sapling":145,"minecraft:stone_axe":176,"minecraft:chiseled_stone_bricks":466,"minecraft:crimson_fungus":1,"minecraft:cobblestone":174,"minecraft:cooked_porkchop":27,"minecraft:bucket":14,"minecraft:glass_pane":185,"minecraft:pumpkin_pie":3,"minecraft:dandelion":1,"minecraft:smooth_stone":7},"minecraft:killed_by":{"minecraft:creeper":3,"minecraft:zombie":2,"minecraft:enderman":1,"minecraft:skeleton":5}},"DataVersion":3839}