{"stats":{"minecraft:crafted":{"minecraft:stone_shovel":1,"minecraft:cooked_chicken":2,"minecraft:furnace":10,"minecraft:cooked_mutton":15,"minecraft:iron_boots":1,"minecraft:iron_axe":2,"minecraft:stone_pickaxe":3,"minecraft:chest":1,"minecraft:cooked_beef":1,"minecraft:cooked_porkchop":13,"minecraft:crafting_table":9,"minecraft:spruce_planks":116,"minecraft:wooden_pickaxe":1,"minecraft:iron_helmet":1,"minecraft:cooked_salmon":3,"minecraft:copper_ingot":59,"minecraft:bucket":1,"minecraft:stone_axe":2,"minecraft:shield":2,"minecraft:stick":44,"minecraft:iron_ingot":59,"minecraft:iron_pickaxe":2,"minecraft:wooden_axe":1,"minecraft:iron_leggings":1,"minecraft:white_bed":1,"minecraft:torch":84},"minecraft:broken":{"minecraft:golden_shovel":1,"minecraft:stone_pickaxe":1,"minecraft:shield":1,"minecraft:golden_sword":1,"minecraft:iron_axe":1,"minecraft:stone_axe":1,"minecraft:iron_pickaxe":1},"minecraft:custom":{"minecraft:mob_kills":64,"minecraft:interact_with_crafting_table":50,"minecraft:bell_ring":1,"minecraft:time_since_death":156831,"minecraft:sprint_one_cm":694485,"minecraft:walk_one_cm":732293,"minecraft:damage_blocked_by_shield":3700,"minecraft:drop":43,"minecraft:talked_to_villager":8,"minecraft:play_time":251546,"minecraft:deaths":7,"minecraft:sneak_time":13146,"minecraft:walk_under_water_one_cm":15470,"minecraft:jump":1915,"minecraft:walk_on_water_one_cm":47426,"minecraft:total_world_time":251546,"minecraft:interact_with_furnace":87,"minecraft:sleep_in_bed":4,"minecraft:time_since_rest":24861,"minecraft:damage_taken":3817,"minecraft:damage_dealt":7568,"minecraft:swim_one_cm":44280,"minecraft:fly_one_cm":696053,"minecraft:open_chest":48,"minecraft:crouch_one_cm":33979,"minecraft:fall_one_cm":17236},"minecraft:mined":{"minecraft:dark_oak_planks":15,"minecraft:tuff":2,"minecraft:spruce_planks":37,"minecraft:white_bed":3,"minecraft:mossy_cobblestone":1,"minecraft:deepslate_diamond_ore":14,"minecraft:granite":1,"minecraft:spruce_trapdoor":1,"minecraft:glow_lichen":1,"minecraft:grass_block":14,"minecraft:spruce_leaves":7,"minecraft:sandstone":43,"minecraft:spawner":2,"minecraft:large_fern":5,"minecraft:furnace":1,"minecraft:iron_ore":42,"minecraft:fire":4,"minecraft:snow":26,"minecraft:pumpkin":9,"minecraft:deepslate_lapis_ore":6,"minecraft:dark_oak_stairs":5,"minecraft:deepslate_iron_ore":18,"minecraft:rail":33,"minecraft:stone":156,"minecraft:deepslate_redstone_ore":5,"minecraft:light_gray_carpet":3,"minecraft:snow_block":19,"minecraft:crafting_table":1,"minecraft:torch":1,"minecraft:copper_ore":36,"minecraft:cobblestone":2,"minecraft:deepslate_gold_ore":12,"minecraft:lapis_ore":7,"minecraft:sugar_cane":1,"minecraft:diorite":1,"minecraft:wall_torch":2,"minecraft:spruce_stairs":19,"minecraft:white_carpet":6,"minecraft:spruce_log":26,"minecraft:bee_nest":1,"minecraft:coal_ore":56,"minecraft:gravel":1,"minecraft:dirt":17,"minecraft:sand":103,"minecraft:cobweb":4,"minecraft:netherrack":36,"minecraft:gold_ore":8,"minecraft:deepslate":294,"minecraft:fern":2},"minecraft:used":{"minecraft:flint_and_steel":61,"minecraft:stone_shovel":114,"minecraft:light_gray_carpet":3,"minecraft:spruce_planks":36,"minecraft:chest":2,"minecraft:shield":45,"minecraft:cooked_salmon":1,"minecraft:cooked_chicken":2,"minecraft:rotten_flesh":3,"minecraft:torch":121,"minecraft:dirt":5,"minecraft:spruce_stairs":3,"minecraft:carrot":1,"minecraft:golden_shovel":32,"minecraft:snowball":20,"minecraft:obsidian":4,"minecraft:dark_oak_planks":14,"minecraft:wooden_axe":21,"minecraft:iron_axe":159,"minecraft:golden_sword":29,"minecraft:furnace":11,"minecraft:egg":1,"minecraft:cooked_beef":1,"minecraft:cobbled_deepslate":54,"minecraft:cooked_mutton":13,"minecraft:water_bucket":1,"minecraft:spruce_door":1,"minecraft:stone_pickaxe":238,"minecraft:wooden_pickaxe":55,"minecraft:sandstone":15,"minecraft:sand":2,"minecraft:crafting_table":10,"minecraft:white_bed":2,"minecraft:redstone_torch":1,"minecraft:bread":2,"minecraft:suspicious_stew":1,"minecraft:iron_pickaxe":515,"minecraft:stone_axe":176,"minecraft:cobblestone":57,"minecraft:cooked_porkchop":11,"minecraft:bucket":2},"minecraft:dropped":{"minecraft:water_bucket":1,"minecraft:iron_ingot":20,"minecraft:cooked_porkchop":2,"minecraft:cobblestone":71,"minecraft:granite":1,"minecraft:grass_block":2,"minecraft:flint":8,"minecraft:stick":4,"minecraft:dirt":21,"minecraft:diorite":1,"minecraft:wooden_axe":1,"minecraft:iron_pickaxe":1,"minecraft:white_wool":1,"minecraft:spruce_sapling":1,"minecraft:bone":3,"minecraft:gravel":2,"minecraft:stone_axe":2,"minecraft:cobbled_deepslate":154,"minecraft:spruce_trapdoor":1,"minecraft:spruce_planks":53,"minecraft:sandstone":26,"minecraft:stone_pickaxe":3,"minecraft:wooden_pickaxe":2},"minecraft:picked_up":{"minecraft:wooden_axe":5,"minecraft:crafting_table":1,"minecraft:chicken":5,"minecraft:suspicious_stew":1,"minecraft:wooden_pickaxe":8,"minecraft:golden_shovel":2,"minecraft:shield":2,"minecraft:golden_sword":2,"minecraft:string":6,"minecraft:cooked_salmon":5,"minecraft:raw_copper":124,"minecraft:flint_and_steel":2,"minecraft:white_carpet":16,"minecraft:gold_nugget":14,"minecraft:cobbled_deepslate":252,"minecraft:spruce_planks":280,"minecraft:beef":13,"minecraft:redstone_torch":1,"minecraft:iron_nugget":32,"minecraft:chest":1,"minecraft:sugar_cane":18,"minecraft:spruce_trapdoor":1,"minecraft:egg":11,"minecraft:furnace":1,"minecraft:stick":96,"minecraft:raw_iron":61,"minecraft:sandstone":170,"minecraft:copper_ingot":17,"minecraft:torch":52,"minecraft:bowl":1,"minecraft:spruce_stairs":19,"minecraft:porkchop":3,"minecraft:diorite":1,"minecraft:carrot":1,"minecraft:redstone":27,"minecraft:golden_chestplate":2,"minecraft:dark_oak_planks":22,"minecraft:stone_sword":1,"minecraft:arrow":4,"minecraft:rotten_flesh":17,"minecraft:golden_hoe":2,"minecraft:mutton":15,"minecraft:rail":34,"minecraft:cod":1,"minecraft:snowball":67,"minecraft:white_wool":4,"minecraft:cobblestone":391,"minecraft:feather":24,"minecraft:cooked_beef":1,"minecraft:water_bucket":1,"minecraft:salmon":3,"minecraft:potato":7,"minecraft:flint":17,"minecraft:lapis_lazuli":77,"minecraft:dirt":46,"minecraft:bone":18,"minecraft:wheat_seeds":1,"minecraft:raw_gold":20,"minecraft:stone_pickaxe":8,"minecraft:iron_ingot":23,"minecraft:cooked_chicken":2,"minecraft:dark_oak_stairs":17,"minecraft:cooked_porkchop":16,"minecraft:pumpkin":18,"minecraft:gravel":3,"minecraft:sand":101,"minecraft:spruce_sapling":5,"minecraft:grass_block":2,"minecraft:white_bed":3,"minecraft:spruce_log":71,"minecraft:spruce_door":3,"minecraft:diamond":14,"minecraft:stone_axe":6,"minecraft:granite":1,"minecraft:light_gray_carpet":3,"minecraft:netherrack":64,"minecraft:coal":75},"minecraft:killed_by":{"minecraft:skeleton":5,"minecraft:zombie":2},"minecraft:killed":{"minecraft:spider":2,"minecraft:cod":1,"minecraft:skeleton":9,"minecraft:chicken":5,"minecraft:turtle":1,"minecraft:pig":1,"minecraft:salmon":3,"minecraft:bat":1,"minecraft:sheep":10,"minecraft:zombie":19,"minecraft:cow":4}},"DataVersion":3839}