{"stats":{"minecraft:custom":{"minecraft:animals_bred":4,"minecraft:interact_with_crafting_table":195,"minecraft:open_barrel":41,"minecraft:bell_ring":4,"minecraft:leave_game":11,"minecraft:time_since_death":145321,"minecraft:sprint_one_cm":2945308,"minecraft:damage_blocked_by_shield":6252,"minecraft:drop":86,"minecraft:talked_to_villager":45,"minecraft:play_time":1041523,"minecraft:deaths":10,"minecraft:jump":5704,"minecraft:walk_on_water_one_cm":100358,"minecraft:interact_with_furnace":285,"minecraft:interact_with_cartography_table":1,"minecraft:interact_with_loom":1,"minecraft:sleep_in_bed":37,"minecraft:damage_dealt":18337,"minecraft:player_kills":2,"minecraft:crouch_one_cm":146248,"minecraft:interact_with_smithing_table":10,"minecraft:interact_with_anvil":17,"minecraft:mob_kills":157,"minecraft:inspect_hopper":8,"minecraft:climb_one_cm":385,"minecraft:walk_one_cm":2850677,"minecraft:sneak_time":47611,"minecraft:walk_under_water_one_cm":33356,"minecraft:interact_with_blast_furnace":1,"minecraft:total_world_time":1041523,"minecraft:interact_with_stonecutter":24,"minecraft:interact_with_grindstone":2,"minecraft:time_since_rest":5416,"minecraft:damage_taken":9164,"minecraft:swim_one_cm":67716,"minecraft:fly_one_cm":1406523,"minecraft:open_chest":342,"minecraft:fall_one_cm":66547},"minecraft:killed":{"minecraft:zombified_piglin":2,"minecraft:spider":7,"minecraft:cod":1,"minecraft:skeleton":11,"minecraft:chicken":5,"minecraft:turtle":1,"minecraft:pig":1,"minecraft:zombie_villager":1,"minecraft:salmon":3,"minecraft:sheep":10,"minecraft:pillager":6,"minecraft:zombie":48,"minecraft:cow":5,"minecraft:bat":1},"minecraft:picked_up":{"minecraft:wooden_axe":5,"minecraft:wheat":81,"minecraft:suspicious_stew":1,"minecraft:sentry_armor_trim_smithing_template":4,"minecraft:stone_slab":22,"minecraft:enchanted_book":3,"minecraft:golden_shovel":2,"minecraft:stone_brick_stairs":77,"minecraft:golden_sword":2,"minecraft:polished_deepslate":1,"minecraft:string":133,"minecraft:raw_copper":124,"minecraft:cooked_salmon":5,"minecraft:iron_leggings":1,"minecraft:shroomlight":1,"minecraft:beetroot":34,"minecraft:activator_rail":4,"minecraft:diamond_leggings":1,"minecraft:gold_nugget":45,"minecraft:cobbled_deepslate":439,"minecraft:bucket":2,"minecraft:spruce_planks":763,"minecraft:redstone_torch":1,"minecraft:cobblestone_slab":22,"minecraft:iron_pickaxe":4,"minecraft:melon_slice":132,"minecraft:furnace":1,"minecraft:iron_boots":3,"minecraft:spruce_pressure_plate":1,"minecraft:stick":167,"minecraft:oak_fence":3,"minecraft:torch":151,"minecraft:green_bed":1,"minecraft:spruce_stairs":50,"minecraft:porkchop":5,"minecraft:diorite":19,"minecraft:golden_chestplate":4,"minecraft:stone_sword":1,"minecraft:rotten_flesh":62,"minecraft:iron_block":24,"minecraft:carved_pumpkin":3,"minecraft:cod":1,"minecraft:snowball":889,"minecraft:cobblestone":1352,"minecraft:magma_block":2,"minecraft:leather_chestplate":1,"minecraft:feather":40,"minecraft:cooked_beef":54,"minecraft:water_bucket":1,"minecraft:golden_leggings":2,"minecraft:potato":132,"minecraft:flint":33,"minecraft:tuff":1,"minecraft:lapis_lazuli":256,"minecraft:dirt":575,"minecraft:name_tag":1,"minecraft:leather_boots":3,"minecraft:bone":46,"minecraft:wheat_seeds":160,"minecraft:raw_gold":36,"minecraft:oak_planks":5,"minecraft:cooked_porkchop":16,"minecraft:poisonous_potato":2,"minecraft:sand":101,"minecraft:grass_block":2,"minecraft:iron_hoe":1,"minecraft:spruce_fence_gate":1,"minecraft:diamond":77,"minecraft:granite":21,"minecraft:spruce_sign":2,"minecraft:golden_horse_armor":1,"minecraft:light_gray_carpet":3,"minecraft:netherrack":77,"minecraft:crimson_roots":1,"minecraft:crafting_table":2,"minecraft:chicken":5,"minecraft:leather_leggings":1,"minecraft:wooden_pickaxe":8,"minecraft:diamond_horse_armor":2,"minecraft:shield":6,"minecraft:stone_stairs":3,"minecraft:iron_axe":3,"minecraft:flint_and_steel":6,"minecraft:snow":29,"minecraft:white_carpet":16,"minecraft:iron_shovel":1,"minecraft:beef":16,"minecraft:iron_nugget":98,"minecraft:poppy":2,"minecraft:spruce_slab":176,"minecraft:chest":1,"minecraft:sugar_cane":28,"minecraft:spruce_trapdoor":1,"minecraft:egg":11,"minecraft:raw_iron":113,"minecraft:sandstone":170,"minecraft:polished_deepslate_slab":17,"minecraft:stone":195,"minecraft:copper_ingot":135,"minecraft:bowl":2,"minecraft:spruce_fence":13,"minecraft:carrot":1,"minecraft:redstone":81,"minecraft:iron_horse_armor":2,"minecraft:dark_oak_planks":22,"minecraft:arrow":11,"minecraft:diamond_chestplate":1,"minecraft:beetroot_seeds":113,"minecraft:golden_hoe":4,"minecraft:shears":2,"minecraft:saddle":4,"minecraft:gold_ingot":47,"minecraft:glow_berries":17,"minecraft:mutton":15,"minecraft:rail":212,"minecraft:white_wool":4,"minecraft:salmon":3,"minecraft:crimson_fungus":1,"minecraft:oak_log":3,"minecraft:cobblestone_wall":1,"minecraft:gunpowder":10,"minecraft:white_banner":4,"minecraft:spruce_wood":5,"minecraft:iron_ingot":23,"minecraft:stone_pickaxe":9,"minecraft:cooked_chicken":2,"minecraft:iron_sword":1,"minecraft:dark_oak_stairs":17,"minecraft:pumpkin":53,"minecraft:chiseled_stone_bricks":8,"minecraft:stone_brick_slab":4,"minecraft:quartz":20,"minecraft:dandelion":2,"minecraft:gravel":3,"minecraft:spruce_sapling":57,"minecraft:white_bed":4,"minecraft:spruce_log":638,"minecraft:spruce_door":3,"minecraft:spider_eye":6,"minecraft:pumpkin_seeds":89,"minecraft:stone_axe":6,"minecraft:iron_helmet":3,"minecraft:baked_potato":10,"minecraft:melon_seeds":21,"minecraft:coal":142,"minecraft:hopper":4},"minecraft:broken":{"minecraft:iron_shovel":3,"minecraft:golden_shovel":1,"minecraft:stone_pickaxe":1,"minecraft:golden_sword":1,"minecraft:stone_axe":1,"minecraft:iron_hoe":1,"minecraft:golden_hoe":1,"minecraft:flint_and_steel":1,"minecraft:shield":2,"minecraft:iron_axe":4,"minecraft:leather_boots":1,"minecraft:iron_pickaxe":5,"minecraft:iron_helmet":1},"minecraft:mined":{"minecraft:dark_oak_planks":15,"minecraft:spruce_planks":67,"minecraft:white_bed":4,"minecraft:farmland":9,"minecraft:carved_pumpkin":3,"minecraft:spruce_trapdoor":1,"minecraft:cave_vines_plant":2,"minecraft:granite":116,"minecraft:grass_block":388,"minecraft:hopper":3,"minecraft:crimson_fungus":1,"minecraft:chiseled_stone_bricks":8,"minecraft:spawner":6,"minecraft:weeping_vines_plant":2,"minecraft:magma_block":2,"minecraft:iron_ore":70,"minecraft:cobbled_deepslate":9,"minecraft:fire":8,"minecraft:pumpkin":44,"minecraft:deepslate_lapis_ore":12,"minecraft:dark_oak_stairs":5,"minecraft:cave_vines":4,"minecraft:polished_deepslate_slab":2,"minecraft:spruce_pressure_plate":1,"minecraft:spruce_wood":5,"minecraft:iron_block":1,"minecraft:spruce_slab":69,"minecraft:deepslate_redstone_ore":5,"minecraft:melon_stem":9,"minecraft:torch":7,"minecraft:poppy":1,"minecraft:melon":25,"minecraft:chest":1,"minecraft:nether_quartz_ore":20,"minecraft:cobblestone":11,"minecraft:sugar_cane":1,"minecraft:oak_planks":4,"minecraft:wall_torch":8,"minecraft:spruce_sign":2,"minecraft:deepslate_copper_ore":3,"minecraft:stone_stairs":3,"minecraft:wheat":63,"minecraft:pumpkin_stem":1,"minecraft:stone_brick_stairs":83,"minecraft:oak_log":3,"minecraft:beetroots":33,"minecraft:sand":103,"minecraft:dirt":116,"minecraft:netherrack":50,"minecraft:deepslate":343,"minecraft:attached_pumpkin_stem":1,"minecraft:nether_gold_ore":3,"minecraft:tuff":2,"minecraft:mossy_cobblestone":1,"minecraft:deepslate_diamond_ore":16,"minecraft:glow_lichen":4,"minecraft:spruce_fence":13,"minecraft:weeping_vines":1,"minecraft:spruce_leaves":119,"minecraft:sandstone":45,"minecraft:large_fern":14,"minecraft:furnace":1,"minecraft:snow":699,"minecraft:andesite":50,"minecraft:polished_deepslate":1,"minecraft:potatoes":34,"minecraft:deepslate_iron_ore":47,"minecraft:shroomlight":1,"minecraft:cobblestone_slab":17,"minecraft:rail":33,"minecraft:stone":1047,"minecraft:light_gray_carpet":3,"minecraft:snow_block":19,"minecraft:stone_brick_slab":3,"minecraft:dandelion":1,"minecraft:oak_fence":1,"minecraft:crafting_table":2,"minecraft:short_grass":4,"minecraft:stone_slab":18,"minecraft:copper_ore":42,"minecraft:lapis_ore":8,"minecraft:deepslate_gold_ore":27,"minecraft:diorite":36,"minecraft:spruce_stairs":50,"minecraft:cobblestone_wall":1,"minecraft:ice":57,"minecraft:white_carpet":6,"minecraft:spruce_log":559,"minecraft:bee_nest":1,"minecraft:coal_ore":133,"minecraft:gravel":2,"minecraft:cobweb":50,"minecraft:spruce_fence_gate":1,"minecraft:gold_ore":9,"minecraft:fern":14},"minecraft:crafted":{"minecraft:oak_planks":12,"minecraft:cobblestone_slab":60,"minecraft:barrel":1,"minecraft:polished_deepslate_wall":4,"minecraft:cooked_chicken":2,"minecraft:stone":743,"minecraft:cooked_mutton":15,"minecraft:spruce_pressure_plate":1,"minecraft:hopper":3,"minecraft:stone_brick_slab":62,"minecraft:diamond_leggings":2,"minecraft:iron_boots":3,"minecraft:melon_seeds":30,"minecraft:chest":10,"minecraft:chiseled_stone_bricks":60,"minecraft:stone_bricks":139,"minecraft:cooked_porkchop":13,"minecraft:crafting_table":12,"minecraft:spruce_planks":752,"minecraft:iron_helmet":2,"minecraft:wooden_pickaxe":1,"minecraft:baked_potato":61,"minecraft:smithing_table":1,"minecraft:copper_ingot":59,"minecraft:polished_deepslate_slab":66,"minecraft:stone_brick_stairs":102,"minecraft:shield":3,"minecraft:stick":172,"minecraft:stone_slab":198,"minecraft:iron_ingot":200,"minecraft:iron_pickaxe":7,"minecraft:iron_block":16,"minecraft:snow_block":98,"minecraft:gold_ingot":53,"minecraft:composter":1,"minecraft:spruce_fence_gate":1,"minecraft:beetroot_soup":4,"minecraft:shears":1,"minecraft:stone_shovel":1,"minecraft:fishing_rod":1,"minecraft:iron_nugget":9,"minecraft:furnace":14,"minecraft:jack_o_lantern":1,"minecraft:bone_meal":48,"minecraft:spruce_fence":138,"minecraft:stone_stairs":4,"minecraft:flint_and_steel":1,"minecraft:spruce_stairs":24,"minecraft:polished_deepslate":14,"minecraft:iron_axe":7,"minecraft:spruce_wood":216,"minecraft:iron_hoe":2,"minecraft:spruce_slab":192,"minecraft:stone_pickaxe":3,"minecraft:cobblestone_wall":18,"minecraft:cooked_beef":16,"minecraft:spruce_sign":3,"minecraft:iron_sword":2,"minecraft:bowl":4,"minecraft:cooked_salmon":3,"minecraft:bucket":2,"minecraft:stone_axe":2,"minecraft:air":0,"minecraft:gold_nugget":99,"minecraft:wooden_axe":1,"minecraft:iron_shovel":5,"minecraft:iron_leggings":1,"minecraft:anvil":4,"minecraft:stonecutter":1,"minecraft:white_bed":1,"minecraft:torch":120,"minecraft:diamond_chestplate":2,"minecraft:golden_hoe":1},"minecraft:dropped":{"minecraft:porkchop":2,"minecraft:cooked_porkchop":2,"minecraft:rail":50,"minecraft:flint":8,"minecraft:dirt":69,"minecraft:snowball":48,"minecraft:iron_pickaxe":4,"minecraft:white_wool":1,"minecraft:bone":3,"minecraft:gold_ingot":3,"minecraft:gravel":2,"minecraft:stone_axe":2,"minecraft:cobbled_deepslate":168,"minecraft:rotten_flesh":10,"minecraft:poppy":1,"minecraft:leather_boots":2,"minecraft:water_bucket":1,"minecraft:iron_ingot":20,"minecraft:wheat_seeds":4,"minecraft:golden_horse_armor":1,"minecraft:poisonous_potato":1,"minecraft:cobblestone":71,"minecraft:granite":13,"minecraft:spruce_stairs":16,"minecraft:grass_block":2,"minecraft:stick":16,"minecraft:diamond_horse_armor":1,"minecraft:diorite":3,"minecraft:wooden_axe":1,"minecraft:bucket":1,"minecraft:spruce_sapling":1,"minecraft:dandelion":1,"minecraft:tuff":1,"minecraft:raw_iron":1,"minecraft:shield":1,"minecraft:spruce_planks":61,"minecraft:spruce_trapdoor":1,"minecraft:golden_leggings":1,"minecraft:sandstone":26,"minecraft:stone_pickaxe":3,"minecraft:wooden_pickaxe":2},"minecraft:used":{"minecraft:jack_o_lantern":1,"minecraft:polished_deepslate":1,"minecraft:iron_shovel":1057,"minecraft:spruce_slab":171,"minecraft:poppy":1,"minecraft:shield":84,"minecraft:chest":9,"minecraft:iron_sword":262,"minecraft:stone":53,"minecraft:rotten_flesh":5,"minecraft:sculk_sensor":15,"minecraft:carrot":1,"minecraft:snowball":393,"minecraft:obsidian":4,"minecraft:spruce_wood":185,"minecraft:grass_block":20,"minecraft:crimson_roots":1,"minecraft:stone_brick_stairs":187,"minecraft:stone_bricks":3,"minecraft:golden_sword":29,"minecraft:magma_block":2,"minecraft:furnace":16,"minecraft:beetroot_seeds":40,"minecraft:egg":1,"minecraft:potato":39,"minecraft:spruce_door":1,"minecraft:stone_pickaxe":272,"minecraft:wooden_pickaxe":55,"minecraft:sandstone":15,"minecraft:composter":1,"minecraft:glow_berries":8,"minecraft:golden_hoe":88,"minecraft:sand":5,"minecraft:loom":1,"minecraft:shears":17,"minecraft:pumpkin_seeds":20,"minecraft:redstone_torch":1,"minecraft:melon_slice":48,"minecraft:bread":6,"minecraft:grindstone":2,"minecraft:smithing_table":1,"minecraft:bone_meal":48,"minecraft:experience_bottle":22,"minecraft:oak_fence":1,"minecraft:flint_and_steel":218,"minecraft:carved_pumpkin":2,"minecraft:stone_shovel":114,"minecraft:light_gray_carpet":3,"minecraft:spruce_planks":313,"minecraft:cooked_salmon":1,"minecraft:cooked_chicken":2,"minecraft:torch":354,"minecraft:dirt":457,"minecraft:anvil":4,"minecraft:hopper":5,"minecraft:spruce_stairs":42,"minecraft:cobblestone_wall":15,"minecraft:stone_stairs":4,"minecraft:golden_shovel":32,"minecraft:spruce_fence":151,"minecraft:shroomlight":1,"minecraft:dark_oak_planks":14,"minecraft:iron_hoe":362,"minecraft:stone_brick_slab":66,"minecraft:wooden_axe":21,"minecraft:sea_lantern":30,"minecraft:iron_block":5,"minecraft:iron_axe":1198,"minecraft:polished_deepslate_wall":4,"minecraft:barrel":1,"minecraft:melon_seeds":45,"minecraft:wolf_spawn_egg":2,"minecraft:cooked_beef":32,"minecraft:cobbled_deepslate":202,"minecraft:pumpkin":19,"minecraft:beetroot_soup":1,"minecraft:brown_bed":2,"minecraft:wheat_seeds":131,"minecraft:cooked_mutton":13,"minecraft:water_bucket":67,"minecraft:snow_block":30,"minecraft:baked_potato":60,"minecraft:spruce_sign":5,"minecraft:green_bed":1,"minecraft:stonecutter":1,"minecraft:cobblestone_slab":77,"minecraft:spruce_fence_gate":2,"minecraft:leather_boots":1,"minecraft:polished_deepslate_slab":55,"minecraft:crafting_table":13,"minecraft:white_bed":9,"minecraft:iron_pickaxe":2094,"minecraft:suspicious_stew":1,"minecraft:spruce_pressure_plate":2,"minecraft:stone_slab":213,"minecraft:spruce_sapling":51,"minecraft:stone_axe":176,"minecraft:chiseled_stone_bricks":260,"minecraft:crimson_fungus":1,"minecraft:cobblestone":166,"minecraft:cooked_porkchop":11,"minecraft:bucket":14,"minecraft:pumpkin_pie":3,"minecraft:dandelion":1},"minecraft:killed_by":{"minecraft:creeper":2,"minecraft:zombie":2,"minecraft:enderman":1,"minecraft:skeleton":5}},"DataVersion":3839}