{"stats":{"minecraft:crafted":{"minecraft:cooked_beef":1,"minecraft:stone_shovel":1,"minecraft:cooked_porkchop":3,"minecraft:crafting_table":3,"minecraft:spruce_planks":32,"minecraft:wooden_pickaxe":1,"minecraft:cooked_chicken":2,"minecraft:furnace":2,"minecraft:cooked_salmon":3,"minecraft:copper_ingot":15,"minecraft:stone_axe":2,"minecraft:cooked_mutton":6,"minecraft:stick":24,"minecraft:stone_pickaxe":1,"minecraft:wooden_axe":1,"minecraft:torch":12},"minecraft:broken":{"minecraft:stone_axe":1,"minecraft:stone_pickaxe":1},"minecraft:custom":{"minecraft:interact_with_furnace":16,"minecraft:mob_kills":22,"minecraft:interact_with_crafting_table":11,"minecraft:time_since_death":52150,"minecraft:sleep_in_bed":2,"minecraft:time_since_rest":3447,"minecraft:sprint_one_cm":206259,"minecraft:damage_taken":1715,"minecraft:walk_one_cm":114069,"minecraft:drop":4,"minecraft:damage_dealt":2798,"minecraft:swim_one_cm":40868,"minecraft:fly_one_cm":38780,"minecraft:open_chest":12,"minecraft:crouch_one_cm":4038,"minecraft:play_time":71546,"minecraft:deaths":5,"minecraft:sneak_time":1538,"minecraft:walk_under_water_one_cm":13886,"minecraft:jump":474,"minecraft:walk_on_water_one_cm":27776,"minecraft:total_world_time":71546,"minecraft:fall_one_cm":5829},"minecraft:mined":{"minecraft:dark_oak_planks":15,"minecraft:spruce_planks":37,"minecraft:crafting_table":1,"minecraft:spruce_trapdoor":1,"minecraft:grass_block":2,"minecraft:copper_ore":6,"minecraft:spruce_leaves":4,"minecraft:sugar_cane":1,"minecraft:sandstone":43,"minecraft:spruce_stairs":19,"minecraft:furnace":1,"minecraft:snow":26,"minecraft:spruce_log":26,"minecraft:pumpkin":9,"minecraft:bee_nest":1,"minecraft:dark_oak_stairs":5,"minecraft:coal_ore":26,"minecraft:sand":103,"minecraft:dirt":4,"minecraft:stone":61,"minecraft:netherrack":36,"minecraft:fern":1},"minecraft:dropped":{"minecraft:cobblestone":1,"minecraft:dirt":1,"minecraft:spruce_trapdoor":1,"minecraft:spruce_sapling":1},"minecraft:used":{"minecraft:cooked_mutton":4,"minecraft:spruce_door":1,"minecraft:stone_shovel":114,"minecraft:stone_pickaxe":132,"minecraft:light_gray_carpet":3,"minecraft:chest":1,"minecraft:spruce_planks":35,"minecraft:wooden_pickaxe":55,"minecraft:sandstone":10,"minecraft:cooked_salmon":1,"minecraft:cooked_chicken":1,"minecraft:rotten_flesh":3,"minecraft:torch":1,"minecraft:dirt":5,"minecraft:sand":2,"minecraft:crafting_table":3,"minecraft:spruce_stairs":3,"minecraft:snowball":4,"minecraft:redstone_torch":1,"minecraft:wooden_axe":21,"minecraft:dark_oak_planks":14,"minecraft:suspicious_stew":1,"minecraft:stone_axe":175,"minecraft:furnace":3,"minecraft:egg":1},"minecraft:picked_up":{"minecraft:wooden_axe":5,"minecraft:crafting_table":1,"minecraft:feather":4,"minecraft:chicken":2,"minecraft:suspicious_stew":1,"minecraft:salmon":3,"minecraft:wooden_pickaxe":5,"minecraft:potato":5,"minecraft:raw_copper":26,"minecraft:dirt":11,"minecraft:cooked_salmon":5,"minecraft:white_carpet":9,"minecraft:wheat_seeds":1,"minecraft:beef":1,"minecraft:spruce_planks":65,"minecraft:iron_ingot":5,"minecraft:stone_pickaxe":5,"minecraft:redstone_torch":1,"minecraft:sugar_cane":8,"minecraft:chest":1,"minecraft:spruce_trapdoor":1,"minecraft:dark_oak_stairs":17,"minecraft:furnace":1,"minecraft:egg":5,"minecraft:stick":64,"minecraft:sandstone":108,"minecraft:pumpkin":9,"minecraft:spruce_stairs":19,"minecraft:porkchop":3,"minecraft:sand":101,"minecraft:spruce_sapling":5,"minecraft:spruce_log":45,"minecraft:spruce_door":3,"minecraft:dark_oak_planks":22,"minecraft:rotten_flesh":17,"minecraft:stone_axe":5,"minecraft:light_gray_carpet":3,"minecraft:coal":26,"minecraft:netherrack":32,"minecraft:mutton":6,"minecraft:cod":1,"minecraft:snowball":25,"minecraft:white_wool":3,"minecraft:cobblestone":89},"minecraft:killed_by":{"minecraft:skeleton":3,"minecraft:zombie":2},"minecraft:killed":{"minecraft:pig":1,"minecraft:salmon":3,"minecraft:cod":1,"minecraft:sheep":5,"minecraft:zombie":8,"minecraft:chicken":2,"minecraft:turtle":1,"minecraft:cow":1}},"DataVersion":3839}