{"stats":{"minecraft:killed_by":{"minecraft:creeper":2,"minecraft:zombie":2,"minecraft:skeleton":5},"minecraft:dropped":{"minecraft:porkchop":2,"minecraft:cooked_porkchop":2,"minecraft:rail":50,"minecraft:flint":8,"minecraft:dirt":68,"minecraft:snowball":32,"minecraft:iron_pickaxe":4,"minecraft:white_wool":1,"minecraft:gold_ingot":3,"minecraft:bone":3,"minecraft:gravel":2,"minecraft:stone_axe":2,"minecraft:cobbled_deepslate":168,"minecraft:rotten_flesh":2,"minecraft:water_bucket":1,"minecraft:iron_ingot":20,"minecraft:wheat_seeds":4,"minecraft:golden_horse_armor":1,"minecraft:poisonous_potato":1,"minecraft:cobblestone":71,"minecraft:granite":13,"minecraft:grass_block":2,"minecraft:stick":14,"minecraft:diamond_horse_armor":1,"minecraft:diorite":3,"minecraft:wooden_axe":1,"minecraft:bucket":1,"minecraft:spruce_sapling":1,"minecraft:tuff":1,"minecraft:raw_iron":1,"minecraft:shield":1,"minecraft:spruce_trapdoor":1,"minecraft:spruce_planks":61,"minecraft:sandstone":26,"minecraft:stone_pickaxe":3,"minecraft:wooden_pickaxe":2},"minecraft:picked_up":{"minecraft:wooden_axe":5,"minecraft:suspicious_stew":1,"minecraft:sentry_armor_trim_smithing_template":4,"minecraft:stone_slab":22,"minecraft:enchanted_book":3,"minecraft:golden_shovel":2,"minecraft:stone_brick_stairs":11,"minecraft:golden_sword":2,"minecraft:string":105,"minecraft:raw_copper":124,"minecraft:cooked_salmon":5,"minecraft:iron_leggings":1,"minecraft:beetroot":18,"minecraft:activator_rail":4,"minecraft:gold_nugget":28,"minecraft:cobbled_deepslate":373,"minecraft:bucket":1,"minecraft:spruce_planks":315,"minecraft:redstone_torch":1,"minecraft:cobblestone_slab":20,"minecraft:iron_pickaxe":3,"minecraft:melon_slice":18,"minecraft:iron_boots":2,"minecraft:furnace":1,"minecraft:stick":150,"minecraft:oak_fence":3,"minecraft:torch":65,"minecraft:spruce_stairs":31,"minecraft:porkchop":5,"minecraft:diorite":18,"minecraft:golden_chestplate":4,"minecraft:stone_sword":1,"minecraft:rotten_flesh":28,"minecraft:iron_block":23,"minecraft:snowball":506,"minecraft:cod":1,"minecraft:cobblestone":807,"minecraft:magma_block":2,"minecraft:feather":40,"minecraft:cooked_beef":9,"minecraft:water_bucket":1,"minecraft:potato":132,"minecraft:flint":33,"minecraft:tuff":1,"minecraft:dirt":369,"minecraft:lapis_lazuli":256,"minecraft:name_tag":1,"minecraft:bone":34,"minecraft:wheat_seeds":6,"minecraft:raw_gold":30,"minecraft:oak_planks":5,"minecraft:cooked_porkchop":16,"minecraft:poisonous_potato":2,"minecraft:sand":101,"minecraft:grass_block":2,"minecraft:diamond":65,"minecraft:granite":21,"minecraft:golden_horse_armor":1,"minecraft:light_gray_carpet":3,"minecraft:netherrack":64,"minecraft:crafting_table":2,"minecraft:chicken":5,"minecraft:wooden_pickaxe":8,"minecraft:diamond_horse_armor":2,"minecraft:shield":6,"minecraft:stone_stairs":3,"minecraft:iron_axe":2,"minecraft:flint_and_steel":4,"minecraft:white_carpet":16,"minecraft:beef":13,"minecraft:iron_nugget":98,"minecraft:chest":1,"minecraft:sugar_cane":28,"minecraft:spruce_trapdoor":1,"minecraft:egg":11,"minecraft:raw_iron":77,"minecraft:sandstone":170,"minecraft:copper_ingot":135,"minecraft:bowl":1,"minecraft:spruce_fence":3,"minecraft:carrot":1,"minecraft:redstone":81,"minecraft:iron_horse_armor":2,"minecraft:dark_oak_planks":22,"minecraft:arrow":9,"minecraft:beetroot_seeds":62,"minecraft:golden_hoe":4,"minecraft:saddle":4,"minecraft:gold_ingot":47,"minecraft:mutton":15,"minecraft:glow_berries":17,"minecraft:white_wool":4,"minecraft:rail":204,"minecraft:salmon":3,"minecraft:oak_log":3,"minecraft:gunpowder":10,"minecraft:white_banner":1,"minecraft:iron_ingot":23,"minecraft:stone_pickaxe":9,"minecraft:cooked_chicken":2,"minecraft:dark_oak_stairs":17,"minecraft:pumpkin":18,"minecraft:stone_brick_slab":2,"minecraft:gravel":3,"minecraft:spruce_sapling":28,"minecraft:white_bed":3,"minecraft:spruce_log":213,"minecraft:spruce_door":3,"minecraft:spider_eye":6,"minecraft:pumpkin_seeds":25,"minecraft:stone_axe":6,"minecraft:iron_helmet":2,"minecraft:baked_potato":1,"minecraft:melon_seeds":15,"minecraft:coal":132},"minecraft:crafted":{"minecraft:oak_planks":12,"minecraft:cobblestone_slab":60,"minecraft:cooked_chicken":2,"minecraft:stone":238,"minecraft:cooked_mutton":15,"minecraft:spruce_pressure_plate":1,"minecraft:stone_brick_slab":60,"minecraft:iron_boots":2,"minecraft:diamond_leggings":2,"minecraft:chest":5,"minecraft:stone_bricks":128,"minecraft:cooked_porkchop":13,"minecraft:crafting_table":11,"minecraft:spruce_planks":524,"minecraft:wooden_pickaxe":1,"minecraft:baked_potato":61,"minecraft:iron_helmet":1,"minecraft:smithing_table":1,"minecraft:copper_ingot":59,"minecraft:stone_brick_stairs":48,"minecraft:shield":2,"minecraft:stick":132,"minecraft:stone_slab":198,"minecraft:iron_ingot":132,"minecraft:iron_pickaxe":6,"minecraft:iron_block":13,"minecraft:snow_block":81,"minecraft:gold_ingot":42,"minecraft:stone_shovel":1,"minecraft:iron_nugget":9,"minecraft:furnace":14,"minecraft:bone_meal":48,"minecraft:spruce_fence":63,"minecraft:stone_stairs":4,"minecraft:flint_and_steel":1,"minecraft:spruce_stairs":24,"minecraft:iron_axe":4,"minecraft:spruce_wood":30,"minecraft:iron_hoe":1,"minecraft:spruce_slab":48,"minecraft:cobblestone_wall":18,"minecraft:stone_pickaxe":3,"minecraft:cooked_beef":13,"minecraft:iron_sword":1,"minecraft:cooked_salmon":3,"minecraft:bucket":2,"minecraft:stone_axe":2,"minecraft:gold_nugget":99,"minecraft:wooden_axe":1,"minecraft:iron_shovel":2,"minecraft:iron_leggings":1,"minecraft:anvil":3,"minecraft:white_bed":1,"minecraft:torch":120,"minecraft:diamond_chestplate":2,"minecraft:golden_hoe":1},"minecraft:used":{"minecraft:iron_shovel":478,"minecraft:shield":68,"minecraft:chest":6,"minecraft:stone":49,"minecraft:iron_sword":134,"minecraft:rotten_flesh":5,"minecraft:sculk_sensor":15,"minecraft:carrot":1,"minecraft:snowball":71,"minecraft:obsidian":4,"minecraft:grass_block":20,"minecraft:stone_brick_stairs":59,"minecraft:golden_sword":29,"minecraft:magma_block":2,"minecraft:furnace":16,"minecraft:beetroot_seeds":40,"minecraft:egg":1,"minecraft:potato":39,"minecraft:spruce_door":1,"minecraft:stone_pickaxe":272,"minecraft:wooden_pickaxe":55,"minecraft:sandstone":15,"minecraft:glow_berries":8,"minecraft:golden_hoe":88,"minecraft:sand":5,"minecraft:pumpkin_seeds":8,"minecraft:redstone_torch":1,"minecraft:bread":6,"minecraft:smithing_table":1,"minecraft:bone_meal":48,"minecraft:experience_bottle":22,"minecraft:oak_fence":1,"minecraft:flint_and_steel":161,"minecraft:stone_shovel":114,"minecraft:light_gray_carpet":3,"minecraft:spruce_planks":128,"minecraft:cooked_salmon":1,"minecraft:cooked_chicken":2,"minecraft:torch":262,"minecraft:dirt":265,"minecraft:anvil":3,"minecraft:spruce_stairs":18,"minecraft:cobblestone_wall":9,"minecraft:stone_stairs":4,"minecraft:golden_shovel":32,"minecraft:spruce_fence":65,"minecraft:iron_hoe":138,"minecraft:stone_brick_slab":59,"minecraft:wooden_axe":21,"minecraft:dark_oak_planks":14,"minecraft:sea_lantern":30,"minecraft:iron_axe":526,"minecraft:melon_seeds":11,"minecraft:wolf_spawn_egg":2,"minecraft:cooked_beef":8,"minecraft:cobbled_deepslate":176,"minecraft:brown_bed":2,"minecraft:wheat_seeds":1,"minecraft:cooked_mutton":13,"minecraft:water_bucket":65,"minecraft:baked_potato":46,"minecraft:green_bed":1,"minecraft:cobblestone_slab":75,"minecraft:crafting_table":12,"minecraft:white_bed":4,"minecraft:suspicious_stew":1,"minecraft:iron_pickaxe":1622,"minecraft:spruce_pressure_plate":1,"minecraft:stone_slab":210,"minecraft:spruce_sapling":23,"minecraft:stone_axe":176,"minecraft:cobblestone":120,"minecraft:cooked_porkchop":11,"minecraft:bucket":11,"minecraft:pumpkin_pie":3},"minecraft:killed":{"minecraft:spider":7,"minecraft:cod":1,"minecraft:skeleton":11,"minecraft:chicken":5,"minecraft:turtle":1,"minecraft:pig":1,"minecraft:zombie_villager":1,"minecraft:salmon":3,"minecraft:sheep":10,"minecraft:pillager":1,"minecraft:zombie":27,"minecraft:cow":4,"minecraft:bat":1},"minecraft:broken":{"minecraft:iron_shovel":1,"minecraft:golden_shovel":1,"minecraft:stone_pickaxe":1,"minecraft:golden_sword":1,"minecraft:stone_axe":1,"minecraft:golden_hoe":1,"minecraft:flint_and_steel":1,"minecraft:shield":1,"minecraft:iron_axe":2,"minecraft:iron_pickaxe":4},"minecraft:custom":{"minecraft:animals_bred":1,"minecraft:interact_with_crafting_table":125,"minecraft:bell_ring":4,"minecraft:leave_game":7,"minecraft:time_since_death":339162,"minecraft:sprint_one_cm":1899115,"minecraft:damage_blocked_by_shield":5318,"minecraft:drop":74,"minecraft:talked_to_villager":45,"minecraft:play_time":705814,"minecraft:deaths":9,"minecraft:jump":4013,"minecraft:walk_on_water_one_cm":95238,"minecraft:interact_with_furnace":199,"minecraft:interact_with_cartography_table":1,"minecraft:sleep_in_bed":16,"minecraft:damage_dealt":12283,"minecraft:player_kills":1,"minecraft:crouch_one_cm":99166,"minecraft:interact_with_smithing_table":10,"minecraft:mob_kills":108,"minecraft:interact_with_anvil":14,"minecraft:climb_one_cm":385,"minecraft:walk_one_cm":1841271,"minecraft:sneak_time":32982,"minecraft:walk_under_water_one_cm":32653,"minecraft:interact_with_blast_furnace":1,"minecraft:total_world_time":705814,"minecraft:interact_with_grindstone":1,"minecraft:time_since_rest":346,"minecraft:damage_taken":6424,"minecraft:swim_one_cm":66863,"minecraft:fly_one_cm":1322224,"minecraft:open_chest":211,"minecraft:fall_one_cm":37232},"minecraft:mined":{"minecraft:dark_oak_planks":15,"minecraft:spruce_planks":40,"minecraft:white_bed":3,"minecraft:farmland":6,"minecraft:spruce_trapdoor":1,"minecraft:cave_vines_plant":2,"minecraft:granite":114,"minecraft:grass_block":181,"minecraft:spawner":5,"minecraft:magma_block":2,"minecraft:iron_ore":59,"minecraft:cobbled_deepslate":8,"minecraft:fire":5,"minecraft:pumpkin":9,"minecraft:deepslate_lapis_ore":10,"minecraft:dark_oak_stairs":5,"minecraft:cave_vines":4,"minecraft:deepslate_redstone_ore":5,"minecraft:melon_stem":4,"minecraft:torch":3,"minecraft:melon":3,"minecraft:cobblestone":8,"minecraft:sugar_cane":1,"minecraft:oak_planks":4,"minecraft:wall_torch":5,"minecraft:stone_stairs":3,"minecraft:stone_brick_stairs":11,"minecraft:oak_log":3,"minecraft:beetroots":15,"minecraft:sand":103,"minecraft:dirt":110,"minecraft:netherrack":36,"minecraft:deepslate":311,"minecraft:tuff":2,"minecraft:mossy_cobblestone":1,"minecraft:deepslate_diamond_ore":16,"minecraft:glow_lichen":1,"minecraft:spruce_fence":3,"minecraft:spruce_leaves":110,"minecraft:sandstone":45,"minecraft:large_fern":10,"minecraft:furnace":1,"minecraft:snow":331,"minecraft:andesite":50,"minecraft:potatoes":34,"minecraft:deepslate_iron_ore":19,"minecraft:cobblestone_slab":15,"minecraft:rail":33,"minecraft:stone":883,"minecraft:light_gray_carpet":3,"minecraft:snow_block":19,"minecraft:stone_brick_slab":1,"minecraft:oak_fence":1,"minecraft:crafting_table":2,"minecraft:short_grass":3,"minecraft:stone_slab":18,"minecraft:copper_ore":41,"minecraft:lapis_ore":8,"minecraft:deepslate_gold_ore":21,"minecraft:diorite":26,"minecraft:spruce_stairs":31,"minecraft:ice":22,"minecraft:white_carpet":6,"minecraft:spruce_log":177,"minecraft:bee_nest":1,"minecraft:coal_ore":123,"minecraft:gravel":1,"minecraft:cobweb":50,"minecraft:gold_ore":9,"minecraft:fern":11}},"DataVersion":3839}