{"stats":{"minecraft:dropped":{"minecraft:poppy":1,"minecraft:dandelion":1},"minecraft:used":{"minecraft:cooked_beef":1,"minecraft:spruce_planks":1},"minecraft:custom":{"minecraft:open_barrel":1,"minecraft:time_since_rest":7791,"minecraft:open_chest":7,"minecraft:crouch_one_cm":156,"minecraft:play_time":7791,"minecraft:sprint_one_cm":29801,"minecraft:damage_taken":150,"minecraft:walk_one_cm":22466,"minecraft:sneak_time":20,"minecraft:drop":2,"minecraft:jump":50,"minecraft:time_since_death":7791,"minecraft:total_world_time":7791,"minecraft:interact_with_crafting_table":5,"minecraft:fall_one_cm":3779,"minecraft:fly_one_cm":5834},"minecraft:picked_up":{"minecraft:dandelion":1,"minecraft:spruce_planks":1,"minecraft:poppy":1,"minecraft:spruce_log":3},"minecraft:mined":{"minecraft:poppy":1,"minecraft:spruce_planks":1,"minecraft:spruce_log":3,"minecraft:dandelion":1},"minecraft:crafted":{"minecraft:iron_sword":1,"minecraft:shield":1,"minecraft:iron_axe":1,"minecraft:spruce_planks":12,"minecraft:stick":4}},"DataVersion":3839}