{"stats":{"minecraft:killed":{"minecraft:zombie":3,"minecraft:pig":1},"minecraft:dropped":{"minecraft:poppy":1,"minecraft:dandelion":1},"minecraft:used":{"minecraft:water_bucket":2,"minecraft:iron_axe":12,"minecraft:spruce_planks":10,"minecraft:shield":5,"minecraft:iron_sword":21,"minecraft:spruce_sapling":1,"minecraft:bucket":3,"minecraft:cooked_beef":6},"minecraft:custom":{"minecraft:time_since_rest":20203,"minecraft:sprint_one_cm":126997,"minecraft:damage_taken":651,"minecraft:walk_one_cm":71306,"minecraft:damage_blocked_by_shield":551,"minecraft:mob_kills":4,"minecraft:drop":2,"minecraft:damage_dealt":845,"minecraft:swim_one_cm":5528,"minecraft:interact_with_crafting_table":6,"minecraft:fly_one_cm":93403,"minecraft:open_barrel":1,"minecraft:open_chest":8,"minecraft:crouch_one_cm":156,"minecraft:play_time":31791,"minecraft:sneak_time":23,"minecraft:walk_under_water_one_cm":184,"minecraft:jump":476,"minecraft:time_since_death":31791,"minecraft:walk_on_water_one_cm":229,"minecraft:sleep_in_bed":1,"minecraft:total_world_time":31791,"minecraft:fall_one_cm":13004,"minecraft:horse_one_cm":4035},"minecraft:picked_up":{"minecraft:tipped_arrow":1,"minecraft:dandelion":1,"minecraft:porkchop":3,"minecraft:spruce_sapling":1,"minecraft:spruce_log":9,"minecraft:arrow":1,"minecraft:bone":1,"minecraft:rotten_flesh":2,"minecraft:spruce_planks":1,"minecraft:poppy":1},"minecraft:crafted":{"minecraft:shield":1,"minecraft:iron_axe":1,"minecraft:spruce_planks":36,"minecraft:stick":4,"minecraft:iron_sword":1,"minecraft:bucket":1},"minecraft:mined":{"minecraft:spruce_planks":1,"minecraft:ice":1,"minecraft:spruce_log":9,"minecraft:dandelion":1,"minecraft:short_grass":1,"minecraft:poppy":1,"minecraft:spruce_leaves":9}},"DataVersion":3839}