{"stats":{"minecraft:custom":{"minecraft:mob_kills":15,"minecraft:interact_with_crafting_table":19,"minecraft:open_barrel":1,"minecraft:bell_ring":83,"minecraft:leave_game":4,"minecraft:time_since_death":155680,"minecraft:climb_one_cm":9312,"minecraft:sprint_one_cm":566293,"minecraft:walk_one_cm":352226,"minecraft:damage_blocked_by_shield":746,"minecraft:drop":63,"minecraft:talked_to_villager":58,"minecraft:play_time":155680,"minecraft:sneak_time":178,"minecraft:walk_under_water_one_cm":8398,"minecraft:jump":2407,"minecraft:interact_with_blast_furnace":2,"minecraft:walk_on_water_one_cm":9778,"minecraft:total_world_time":155680,"minecraft:interact_with_furnace":13,"minecraft:traded_with_villager":104,"minecraft:sleep_in_bed":12,"minecraft:time_since_rest":3172,"minecraft:damage_taken":1554,"minecraft:damage_dealt":4445,"minecraft:swim_one_cm":10980,"minecraft:fly_one_cm":420770,"minecraft:open_chest":21,"minecraft:crouch_one_cm":1335,"minecraft:fall_one_cm":49118,"minecraft:horse_one_cm":201109},"minecraft:killed":{"minecraft:spider":2,"minecraft:skeleton":1,"minecraft:pig":2,"minecraft:zombie_villager":1,"minecraft:iron_golem":2,"minecraft:sheep":2,"minecraft:zombie":4,"minecraft:cow":1},"minecraft:picked_up":{"minecraft:crafting_table":1,"minecraft:chainmail_boots":5,"minecraft:string":2,"minecraft:flint_and_steel":1,"minecraft:diamond_leggings":1,"minecraft:spruce_planks":2,"minecraft:beef":1,"minecraft:poppy":2,"minecraft:iron_pickaxe":1,"minecraft:sugar_cane":2,"minecraft:tipped_arrow":1,"minecraft:stick":69,"minecraft:composter":3,"minecraft:torch":17,"minecraft:porkchop":6,"minecraft:carrot":14,"minecraft:cauldron":4,"minecraft:rotten_flesh":7,"minecraft:arrow":6,"minecraft:beetroot_seeds":1,"minecraft:shears":1,"minecraft:mutton":3,"minecraft:white_wool":3,"minecraft:cobblestone":30,"minecraft:stripped_oak_log":1,"minecraft:leather":3,"minecraft:potato":32,"minecraft:flint":6,"minecraft:oak_log":56,"minecraft:yellow_bed":7,"minecraft:dirt":44,"minecraft:bone":3,"minecraft:apple":17,"minecraft:stonecutter":1,"minecraft:wheat_seeds":22,"minecraft:bell":2,"minecraft:iron_ingot":29,"minecraft:fletching_table":9,"minecraft:oak_planks":8,"minecraft:dandelion":1,"minecraft:gravel":151,"minecraft:spruce_sapling":91,"minecraft:blast_furnace":3,"minecraft:white_bed":7,"minecraft:spruce_log":531,"minecraft:mossy_cobblestone":11,"minecraft:iron_helmet":6,"minecraft:emerald":4,"minecraft:oak_button":1},"minecraft:broken":{"minecraft:golden_axe":6,"minecraft:iron_axe":2},"minecraft:mined":{"minecraft:spruce_planks":1,"minecraft:white_bed":7,"minecraft:mossy_cobblestone":11,"minecraft:grass_block":24,"minecraft:spruce_leaves":47,"minecraft:composter":3,"minecraft:large_fern":2,"minecraft:spruce_sapling":30,"minecraft:carrots":6,"minecraft:fletching_table":7,"minecraft:potatoes":3,"minecraft:water_cauldron":4,"minecraft:dirt_path":14,"minecraft:stripped_oak_log":1,"minecraft:stone":8,"minecraft:glass_pane":1,"minecraft:dandelion":1,"minecraft:crafting_table":1,"minecraft:torch":3,"minecraft:short_grass":15,"minecraft:blast_furnace":3,"minecraft:poppy":1,"minecraft:tall_grass":1,"minecraft:cobblestone":22,"minecraft:sugar_cane":1,"minecraft:oak_planks":10,"minecraft:wheat":16,"minecraft:ice":1,"minecraft:spruce_log":515,"minecraft:yellow_bed":7,"minecraft:oak_log":59,"minecraft:beetroots":1,"minecraft:gravel":120,"minecraft:dirt":6,"minecraft:stonecutter":1,"minecraft:oak_leaves":3},"minecraft:crafted":{"minecraft:oak_planks":224,"minecraft:furnace":1,"minecraft:bone_meal":3,"minecraft:cooked_mutton":2,"minecraft:diamond_helmet":1,"minecraft:diamond_leggings":1,"minecraft:iron_axe":3,"minecraft:ladder":3,"minecraft:oak_button":1,"minecraft:cooked_beef":1,"minecraft:golden_axe":6,"minecraft:emerald":68,"minecraft:cooked_porkchop":3,"minecraft:crafting_table":2,"minecraft:spruce_planks":1212,"minecraft:baked_potato":3,"minecraft:iron_helmet":4,"minecraft:iron_sword":1,"minecraft:chainmail_chestplate":17,"minecraft:fletching_table":2,"minecraft:bucket":1,"minecraft:air":0,"minecraft:shield":1,"minecraft:stick":2152,"minecraft:chainmail_boots":12,"minecraft:iron_pickaxe":1,"minecraft:iron_shovel":1,"minecraft:iron_leggings":1},"minecraft:dropped":{"minecraft:iron_ingot":25,"minecraft:wheat_seeds":22,"minecraft:diamond_leggings":1,"minecraft:iron_helmet":10,"minecraft:stick":9,"minecraft:flint":1,"minecraft:dirt":5,"minecraft:iron_leggings":1,"minecraft:dandelion":1,"minecraft:golden_chestplate":1,"minecraft:rotten_flesh":7,"minecraft:oak_planks":2,"minecraft:stripped_oak_log":1,"minecraft:flint_and_steel":1,"minecraft:chainmail_chestplate":16,"minecraft:poppy":1,"minecraft:tipped_arrow":1,"minecraft:oak_button":1,"minecraft:beetroot_seeds":1,"minecraft:chainmail_boots":17,"minecraft:spruce_log":73},"minecraft:used":{"minecraft:iron_shovel":153,"minecraft:ladder":3,"minecraft:poppy":1,"minecraft:spruce_planks":21,"minecraft:shield":10,"minecraft:iron_sword":52,"minecraft:bell":2,"minecraft:torch":2,"minecraft:dirt":39,"minecraft:chainmail_chestplate":1,"minecraft:carrot":14,"minecraft:diamond_helmet":1,"minecraft:iron_axe":516,"minecraft:furnace":1,"minecraft:cooked_beef":7,"minecraft:golden_axe":192,"minecraft:iron_leggings":1,"minecraft:cooked_mutton":2,"minecraft:water_bucket":12,"minecraft:baked_potato":3,"minecraft:oak_planks":58,"minecraft:composter":1,"minecraft:fletching_table":11,"minecraft:mossy_cobblestone":10,"minecraft:crafting_table":3,"minecraft:blast_furnace":3,"minecraft:white_bed":7,"minecraft:cod":2,"minecraft:spruce_log":11,"minecraft:bread":8,"minecraft:oak_button":1,"minecraft:iron_pickaxe":59,"minecraft:spruce_sapling":43,"minecraft:gravel":121,"minecraft:cobblestone":3,"minecraft:cooked_porkchop":11,"minecraft:bucket":13,"minecraft:yellow_bed":7,"minecraft:bone_meal":3}},"DataVersion":3839}