{"stats":{"minecraft:custom":{"minecraft:interact_with_furnace":6,"minecraft:mob_kills":10,"minecraft:traded_with_villager":64,"minecraft:interact_with_crafting_table":13,"minecraft:open_barrel":1,"minecraft:bell_ring":83,"minecraft:leave_game":2,"minecraft:time_since_death":118246,"minecraft:sleep_in_bed":8,"minecraft:climb_one_cm":7104,"minecraft:time_since_rest":5487,"minecraft:sprint_one_cm":446520,"minecraft:damage_taken":1161,"minecraft:walk_one_cm":273950,"minecraft:damage_blocked_by_shield":686,"minecraft:drop":28,"minecraft:damage_dealt":2566,"minecraft:swim_one_cm":10980,"minecraft:talked_to_villager":37,"minecraft:fly_one_cm":324140,"minecraft:open_chest":19,"minecraft:play_time":118246,"minecraft:crouch_one_cm":852,"minecraft:sneak_time":105,"minecraft:walk_under_water_one_cm":8398,"minecraft:jump":1850,"minecraft:interact_with_blast_furnace":2,"minecraft:walk_on_water_one_cm":9746,"minecraft:total_world_time":118246,"minecraft:fall_one_cm":35620,"minecraft:horse_one_cm":201109},"minecraft:killed":{"minecraft:pig":2,"minecraft:zombie_villager":1,"minecraft:spider":1,"minecraft:iron_golem":1,"minecraft:zombie":4,"minecraft:cow":1},"minecraft:picked_up":{"minecraft:stripped_oak_log":1,"minecraft:crafting_table":1,"minecraft:leather":1,"minecraft:potato":3,"minecraft:flint":6,"minecraft:oak_log":56,"minecraft:yellow_bed":7,"minecraft:dirt":43,"minecraft:bone":1,"minecraft:stonecutter":1,"minecraft:wheat_seeds":22,"minecraft:bell":2,"minecraft:spruce_planks":2,"minecraft:iron_ingot":3,"minecraft:beef":1,"minecraft:fletching_table":9,"minecraft:poppy":1,"minecraft:sugar_cane":2,"minecraft:oak_planks":8,"minecraft:tipped_arrow":1,"minecraft:stick":9,"minecraft:composter":3,"minecraft:torch":4,"minecraft:dandelion":1,"minecraft:gravel":147,"minecraft:porkchop":6,"minecraft:spruce_sapling":49,"minecraft:blast_furnace":3,"minecraft:carrot":14,"minecraft:white_bed":7,"minecraft:spruce_log":145,"minecraft:cauldron":4,"minecraft:mossy_cobblestone":11,"minecraft:rotten_flesh":7,"minecraft:arrow":1,"minecraft:beetroot_seeds":1,"minecraft:iron_helmet":1,"minecraft:oak_button":1,"minecraft:mutton":1,"minecraft:white_wool":1,"minecraft:cobblestone":30},"minecraft:broken":{"minecraft:iron_axe":1},"minecraft:mined":{"minecraft:spruce_planks":1,"minecraft:white_bed":7,"minecraft:glass_pane":1,"minecraft:mossy_cobblestone":11,"minecraft:dandelion":1,"minecraft:crafting_table":1,"minecraft:torch":3,"minecraft:short_grass":15,"minecraft:blast_furnace":3,"minecraft:grass_block":24,"minecraft:poppy":1,"minecraft:tall_grass":1,"minecraft:cobblestone":22,"minecraft:spruce_leaves":35,"minecraft:composter":3,"minecraft:sugar_cane":1,"minecraft:oak_planks":10,"minecraft:large_fern":2,"minecraft:spruce_sapling":30,"minecraft:carrots":6,"minecraft:wheat":16,"minecraft:ice":1,"minecraft:spruce_log":148,"minecraft:fletching_table":7,"minecraft:yellow_bed":7,"minecraft:potatoes":3,"minecraft:oak_log":59,"minecraft:beetroots":1,"minecraft:water_cauldron":4,"minecraft:dirt_path":14,"minecraft:gravel":116,"minecraft:dirt":5,"minecraft:stripped_oak_log":1,"minecraft:stonecutter":1,"minecraft:stone":8,"minecraft:oak_leaves":3},"minecraft:crafted":{"minecraft:oak_planks":224,"minecraft:emerald":44,"minecraft:cooked_porkchop":3,"minecraft:crafting_table":2,"minecraft:spruce_planks":580,"minecraft:iron_helmet":4,"minecraft:iron_sword":1,"minecraft:chainmail_chestplate":3,"minecraft:furnace":1,"minecraft:fletching_table":2,"minecraft:bone_meal":3,"minecraft:bucket":1,"minecraft:air":0,"minecraft:shield":1,"minecraft:iron_axe":2,"minecraft:ladder":3,"minecraft:stick":1416,"minecraft:chainmail_boots":12,"minecraft:iron_pickaxe":1,"minecraft:iron_shovel":1,"minecraft:iron_leggings":1,"minecraft:oak_button":1},"minecraft:dropped":{"minecraft:wheat_seeds":22,"minecraft:golden_chestplate":1,"minecraft:iron_helmet":4,"minecraft:rotten_flesh":7,"minecraft:oak_planks":2,"minecraft:stripped_oak_log":1,"minecraft:flint":1,"minecraft:poppy":1,"minecraft:dirt":4,"minecraft:tipped_arrow":1,"minecraft:oak_button":1,"minecraft:chainmail_boots":12,"minecraft:beetroot_seeds":1,"minecraft:dandelion":1},"minecraft:used":{"minecraft:water_bucket":12,"minecraft:iron_shovel":153,"minecraft:ladder":3,"minecraft:oak_planks":58,"minecraft:spruce_planks":21,"minecraft:iron_sword":34,"minecraft:shield":9,"minecraft:composter":1,"minecraft:fletching_table":11,"minecraft:bell":2,"minecraft:torch":2,"minecraft:mossy_cobblestone":10,"minecraft:dirt":39,"minecraft:chainmail_chestplate":1,"minecraft:blast_furnace":3,"minecraft:carrot":14,"minecraft:crafting_table":3,"minecraft:white_bed":7,"minecraft:cod":2,"minecraft:iron_axe":317,"minecraft:bread":8,"minecraft:oak_button":1,"minecraft:iron_pickaxe":59,"minecraft:spruce_sapling":28,"minecraft:gravel":117,"minecraft:cobblestone":3,"minecraft:furnace":1,"minecraft:cooked_porkchop":9,"minecraft:bucket":13,"minecraft:yellow_bed":7,"minecraft:cooked_beef":6,"minecraft:bone_meal":3,"minecraft:iron_leggings":1}},"DataVersion":3839}