{"stats":{"minecraft:custom":{"minecraft:mob_kills":18,"minecraft:interact_with_crafting_table":35,"minecraft:open_barrel":1,"minecraft:bell_ring":83,"minecraft:leave_game":6,"minecraft:time_since_death":242039,"minecraft:climb_one_cm":15702,"minecraft:sprint_one_cm":827958,"minecraft:walk_one_cm":636165,"minecraft:damage_blocked_by_shield":881,"minecraft:drop":180,"minecraft:talked_to_villager":123,"minecraft:play_time":242039,"minecraft:sneak_time":292,"minecraft:walk_under_water_one_cm":8398,"minecraft:jump":3354,"minecraft:interact_with_blast_furnace":3,"minecraft:walk_on_water_one_cm":22567,"minecraft:total_world_time":242039,"minecraft:interact_with_furnace":16,"minecraft:traded_with_villager":188,"minecraft:interact_with_grindstone":1,"minecraft:sleep_in_bed":24,"minecraft:time_since_rest":10392,"minecraft:damage_taken":1715,"minecraft:damage_absorbed":40,"minecraft:damage_dealt":5956,"minecraft:swim_one_cm":10980,"minecraft:fly_one_cm":595142,"minecraft:open_chest":56,"minecraft:crouch_one_cm":1585,"minecraft:fall_one_cm":70682,"minecraft:horse_one_cm":201109},"minecraft:killed":{"minecraft:spider":2,"minecraft:skeleton":1,"minecraft:pig":2,"minecraft:zombie_villager":1,"minecraft:iron_golem":4,"minecraft:sheep":2,"minecraft:zombie":5,"minecraft:cow":1},"minecraft:picked_up":{"minecraft:crafting_table":1,"minecraft:wheat":56,"minecraft:azure_bluet":2,"minecraft:chainmail_boots":5,"minecraft:cornflower":2,"minecraft:string":2,"minecraft:flint_and_steel":1,"minecraft:diamond_leggings":1,"minecraft:spruce_planks":2,"minecraft:beef":1,"minecraft:spruce_slab":2,"minecraft:poppy":5,"minecraft:iron_pickaxe":1,"minecraft:sugar_cane":6,"minecraft:spruce_trapdoor":9,"minecraft:tipped_arrow":1,"minecraft:stick":81,"minecraft:composter":3,"minecraft:torch":17,"minecraft:porkchop":6,"minecraft:carrot":78,"minecraft:cauldron":4,"minecraft:arrow":6,"minecraft:rotten_flesh":9,"minecraft:beetroot_seeds":1,"minecraft:shears":1,"minecraft:mutton":3,"minecraft:white_wool":3,"minecraft:cobblestone":30,"minecraft:stripped_oak_log":1,"minecraft:leather":3,"minecraft:potato":75,"minecraft:flint":6,"minecraft:oak_log":56,"minecraft:yellow_bed":7,"minecraft:dirt":202,"minecraft:bone":3,"minecraft:apple":17,"minecraft:stonecutter":1,"minecraft:wheat_seeds":203,"minecraft:bell":3,"minecraft:iron_ingot":37,"minecraft:fletching_table":9,"minecraft:oak_planks":8,"minecraft:dandelion":5,"minecraft:gravel":153,"minecraft:spruce_sapling":93,"minecraft:blast_furnace":3,"minecraft:white_bed":7,"minecraft:spruce_log":617,"minecraft:mossy_cobblestone":11,"minecraft:lever":5,"minecraft:iron_helmet":6,"minecraft:spruce_button":1,"minecraft:emerald":4,"minecraft:oak_button":1},"minecraft:broken":{"minecraft:iron_shovel":1,"minecraft:golden_axe":6,"minecraft:iron_axe":2},"minecraft:mined":{"minecraft:spruce_planks":1,"minecraft:white_bed":7,"minecraft:farmland":4,"minecraft:mossy_cobblestone":11,"minecraft:spruce_trapdoor":9,"minecraft:lever":5,"minecraft:grass_block":145,"minecraft:spruce_leaves":53,"minecraft:composter":3,"minecraft:large_fern":2,"minecraft:spruce_sapling":32,"minecraft:carrots":17,"minecraft:fletching_table":7,"minecraft:azure_bluet":1,"minecraft:bell":1,"minecraft:potatoes":6,"minecraft:water_cauldron":4,"minecraft:dirt_path":43,"minecraft:stripped_oak_log":1,"minecraft:stone":8,"minecraft:spruce_slab":2,"minecraft:glass_pane":1,"minecraft:dandelion":4,"minecraft:crafting_table":1,"minecraft:cornflower":2,"minecraft:torch":3,"minecraft:short_grass":66,"minecraft:spruce_button":1,"minecraft:blast_furnace":3,"minecraft:poppy":1,"minecraft:tall_grass":1,"minecraft:cobblestone":22,"minecraft:sugar_cane":3,"minecraft:oak_planks":10,"minecraft:wheat":56,"minecraft:ice":1,"minecraft:spruce_log":601,"minecraft:yellow_bed":7,"minecraft:oak_log":59,"minecraft:beetroots":1,"minecraft:gravel":122,"minecraft:dirt":18,"minecraft:stonecutter":1,"minecraft:oak_leaves":3},"minecraft:crafted":{"minecraft:oak_planks":224,"minecraft:stone_shovel":1,"minecraft:spruce_button":91,"minecraft:furnace":1,"minecraft:lever":8,"minecraft:bone_meal":3,"minecraft:cooked_mutton":2,"minecraft:diamond_helmet":1,"minecraft:diamond_leggings":1,"minecraft:iron_axe":10,"minecraft:ladder":6,"minecraft:spruce_slab":6,"minecraft:chest":4,"minecraft:diamond_boots":1,"minecraft:oak_button":1,"minecraft:stone_hoe":2,"minecraft:cooked_beef":1,"minecraft:golden_axe":6,"minecraft:emerald":143,"minecraft:cooked_porkchop":3,"minecraft:crafting_table":2,"minecraft:spruce_planks":2124,"minecraft:iron_helmet":4,"minecraft:baked_potato":3,"minecraft:iron_sword":1,"minecraft:chainmail_chestplate":17,"minecraft:fletching_table":2,"minecraft:bucket":1,"minecraft:bread":22,"minecraft:air":0,"minecraft:spruce_trapdoor":8,"minecraft:golden_apple":1,"minecraft:shield":1,"minecraft:stick":4454,"minecraft:chainmail_boots":12,"minecraft:iron_pickaxe":1,"minecraft:iron_shovel":1,"minecraft:iron_leggings":1,"minecraft:diamond_chestplate":1},"minecraft:dropped":{"minecraft:stone_hoe":1,"minecraft:iron_ingot":25,"minecraft:wheat_seeds":22,"minecraft:diamond_leggings":1,"minecraft:iron_helmet":10,"minecraft:stick":9,"minecraft:emerald":22,"minecraft:flint":1,"minecraft:dirt":95,"minecraft:cornflower":2,"minecraft:iron_leggings":1,"minecraft:dandelion":1,"minecraft:golden_chestplate":1,"minecraft:rotten_flesh":7,"minecraft:oak_planks":2,"minecraft:iron_boots":1,"minecraft:stripped_oak_log":1,"minecraft:azure_bluet":1,"minecraft:chainmail_chestplate":17,"minecraft:flint_and_steel":1,"minecraft:poppy":1,"minecraft:tipped_arrow":1,"minecraft:oak_button":1,"minecraft:beetroot_seeds":1,"minecraft:chainmail_boots":17,"minecraft:spruce_log":73},"minecraft:used":{"minecraft:iron_shovel":263,"minecraft:spruce_slab":6,"minecraft:stone_shovel":34,"minecraft:ladder":5,"minecraft:poppy":1,"minecraft:chest":4,"minecraft:spruce_planks":21,"minecraft:shield":13,"minecraft:iron_sword":62,"minecraft:bell":3,"minecraft:stone_hoe":184,"minecraft:torch":2,"minecraft:dirt":107,"minecraft:chainmail_chestplate":1,"minecraft:carrot":30,"minecraft:diamond_helmet":1,"minecraft:iron_axe":633,"minecraft:spruce_button":30,"minecraft:furnace":1,"minecraft:potato":12,"minecraft:cooked_beef":8,"minecraft:golden_axe":192,"minecraft:iron_leggings":1,"minecraft:cooked_mutton":2,"minecraft:wheat_seeds":171,"minecraft:water_bucket":38,"minecraft:baked_potato":3,"minecraft:oak_planks":58,"minecraft:composter":1,"minecraft:sugar_cane":6,"minecraft:fletching_table":11,"minecraft:golden_apple":1,"minecraft:mossy_cobblestone":10,"minecraft:crafting_table":3,"minecraft:blast_furnace":3,"minecraft:white_bed":7,"minecraft:cod":2,"minecraft:spruce_log":13,"minecraft:lever":13,"minecraft:bread":16,"minecraft:oak_button":1,"minecraft:iron_pickaxe":60,"minecraft:spruce_trapdoor":17,"minecraft:gravel":153,"minecraft:spruce_sapling":93,"minecraft:cobblestone":4,"minecraft:cooked_porkchop":11,"minecraft:bucket":39,"minecraft:yellow_bed":7,"minecraft:bone_meal":3}},"DataVersion":3839}