{"stats":{"minecraft:custom":{"minecraft:deaths":1,"minecraft:time_since_rest":149,"minecraft:crouch_one_cm":169,"minecraft:play_time":11373,"minecraft:sprint_one_cm":13643,"minecraft:damage_taken":373,"minecraft:walk_one_cm":54961,"minecraft:damage_blocked_by_shield":1131,"minecraft:sneak_time":31,"minecraft:jump":215,"minecraft:damage_dealt":1047,"minecraft:leave_game":1,"minecraft:time_since_death":112,"minecraft:total_world_time":11373,"minecraft:climb_one_cm":5023,"minecraft:fly_one_cm":15155,"minecraft:player_kills":1,"minecraft:fall_one_cm":6583},"minecraft:picked_up":{"minecraft:wooden_sword":1,"minecraft:netherite_boots":1,"minecraft:apple":31,"minecraft:jungle_log":4,"minecraft:netherite_helmet":1,"minecraft:wheat_seeds":1,"minecraft:netherite_sword":1,"minecraft:oak_log":3,"minecraft:shield":1,"minecraft:netherite_chestplate":1,"minecraft:bamboo":9,"minecraft:netherite_leggings":1,"minecraft:dirt":1},"minecraft:mined":{"minecraft:short_grass":2,"minecraft:grass_block":1,"minecraft:oak_log":3,"minecraft:jungle_log":4,"minecraft:bamboo":1,"minecraft:oak_leaves":3,"minecraft:fern":1},"minecraft:crafted":{"minecraft:oak_planks":12,"minecraft:crafting_table":1,"minecraft:jungle_planks":10},"minecraft:used":{"minecraft:netherite_sword":61,"minecraft:apple":4,"minecraft:crafting_table":1,"minecraft:oak_planks":2,"minecraft:jungle_log":1,"minecraft:shield":56},"minecraft:killed_by":{"minecraft:creeper":1}},"DataVersion":3839}