{"stats":{"minecraft:custom":{"minecraft:jump":41,"minecraft:time_since_rest":2975,"minecraft:damage_dealt":167,"minecraft:crouch_one_cm":29,"minecraft:sprint_one_cm":4833,"minecraft:play_time":2975,"minecraft:damage_taken":20,"minecraft:time_since_death":2975,"minecraft:walk_one_cm":14634,"minecraft:sneak_time":8,"minecraft:climb_one_cm":1840,"minecraft:total_world_time":2975,"minecraft:fall_one_cm":2053,"minecraft:fly_one_cm":2951},"minecraft:picked_up":{"minecraft:oak_log":1,"minecraft:bamboo":8,"minecraft:wheat_seeds":1},"minecraft:mined":{"minecraft:oak_log":1,"minecraft:bamboo":1,"minecraft:fern":1}},"DataVersion":3839}