{"stats":{"minecraft:custom":{"minecraft:jump":150,"minecraft:time_since_rest":5423,"minecraft:damage_taken":75,"minecraft:leave_game":1,"minecraft:play_time":12022,"minecraft:sprint_one_cm":21062,"minecraft:time_since_death":12022,"minecraft:walk_one_cm":18580,"minecraft:sleep_in_bed":1,"minecraft:total_world_time":12022,"minecraft:interact_with_crafting_table":1,"minecraft:fall_one_cm":4414,"minecraft:fly_one_cm":23875},"minecraft:picked_up":{"minecraft:spruce_log":4},"minecraft:mined":{"minecraft:spruce_log":4},"minecraft:crafted":{"minecraft:crafting_table":1,"minecraft:spruce_planks":16,"minecraft:stick":16,"minecraft:wooden_pickaxe":1},"minecraft:used":{"minecraft:crafting_table":1}},"DataVersion":3839}