{"stats":{"minecraft:custom":{"minecraft:interact_with_furnace":24,"minecraft:mob_kills":36,"minecraft:traded_with_villager":86,"minecraft:interact_with_crafting_table":6,"minecraft:open_barrel":1,"minecraft:leave_game":6,"minecraft:time_since_death":93204,"minecraft:sleep_in_bed":16,"minecraft:climb_one_cm":2243,"minecraft:time_since_rest":5278,"minecraft:sprint_one_cm":144026,"minecraft:damage_taken":2032,"minecraft:walk_one_cm":664479,"minecraft:drop":10,"minecraft:damage_dealt":3335,"minecraft:swim_one_cm":14283,"minecraft:talked_to_villager":28,"minecraft:fly_one_cm":83481,"minecraft:open_chest":36,"minecraft:crouch_one_cm":635,"minecraft:play_time":225739,"minecraft:deaths":3,"minecraft:sneak_time":418,"minecraft:walk_under_water_one_cm":25596,"minecraft:jump":2058,"minecraft:walk_on_water_one_cm":22556,"minecraft:total_world_time":225739,"minecraft:fall_one_cm":27384},"minecraft:killed":{"minecraft:pig":3,"minecraft:salmon":11,"minecraft:spider":1,"minecraft:squid":2,"minecraft:skeleton":1,"minecraft:sheep":10,"minecraft:zombie":4,"minecraft:chicken":1,"minecraft:drowned":1,"minecraft:enderman":1,"minecraft:cow":1},"minecraft:picked_up":{"minecraft:crafting_table":5,"minecraft:feather":2,"minecraft:chicken":3,"minecraft:andesite":2,"minecraft:salmon":11,"minecraft:leather":4,"minecraft:diamond_sword":1,"minecraft:wooden_pickaxe":1,"minecraft:potato":1,"minecraft:map":4,"minecraft:dirt":23,"minecraft:paper":2,"minecraft:raw_copper":99,"minecraft:iron_leggings":1,"minecraft:bone":2,"minecraft:wheat_seeds":5,"minecraft:spruce_planks":72,"minecraft:iron_ingot":9,"minecraft:beef":10,"minecraft:stone_pickaxe":2,"minecraft:cooked_chicken":1,"minecraft:poppy":2,"minecraft:iron_pickaxe":1,"minecraft:light_gray_wool":1,"minecraft:melon_slice":4,"minecraft:chest":1,"minecraft:furnace":8,"minecraft:iron_boots":1,"minecraft:egg":2,"minecraft:stick":30,"minecraft:raw_iron":13,"minecraft:cooked_porkchop":8,"minecraft:porkchop":6,"minecraft:grass_block":2,"minecraft:spruce_sapling":26,"minecraft:ink_sac":5,"minecraft:diorite":18,"minecraft:white_bed":2,"minecraft:spruce_log":547,"minecraft:pumpkin_seeds":2,"minecraft:arrow":5,"minecraft:rotten_flesh":6,"minecraft:stone_axe":1,"minecraft:iron_helmet":1,"minecraft:granite":2,"minecraft:diamond_axe":1,"minecraft:bread":2,"minecraft:mutton":15,"minecraft:coal":170,"minecraft:white_wool":9,"minecraft:cobblestone":198,"minecraft:ender_pearl":2},"minecraft:broken":{"minecraft:stone_pickaxe":1},"minecraft:mined":{"minecraft:white_bed":2,"minecraft:crafting_table":2,"minecraft:grass_block":8,"minecraft:chest":1,"minecraft:copper_ore":30,"minecraft:cobblestone":5,"minecraft:spruce_leaves":70,"minecraft:diorite":8,"minecraft:large_fern":2,"minecraft:furnace":6,"minecraft:iron_ore":13,"minecraft:ice":6,"minecraft:spruce_log":366,"minecraft:andesite":3,"minecraft:coal_ore":86,"minecraft:dirt":4,"minecraft:stone":122},"minecraft:crafted":{"minecraft:cooked_beef":2,"minecraft:diamond_sword":1,"minecraft:emerald":84,"minecraft:cooked_porkchop":6,"minecraft:diamond_axe":1,"minecraft:crafting_table":1,"minecraft:spruce_planks":1424,"minecraft:wooden_pickaxe":1,"minecraft:cooked_chicken":1,"minecraft:cooked_salmon":11,"minecraft:bucket":1,"minecraft:stone_axe":1,"minecraft:cooked_mutton":15,"minecraft:shield":1,"minecraft:stick":2692,"minecraft:iron_ingot":13,"minecraft:iron_pickaxe":1,"minecraft:stone_pickaxe":1,"minecraft:diamond_boots":1,"minecraft:diamond_chestplate":1},"minecraft:dropped":{"minecraft:feather":1,"minecraft:cobblestone":51,"minecraft:rotten_flesh":6,"minecraft:granite":2,"minecraft:dirt":11,"minecraft:diorite":9,"minecraft:wooden_pickaxe":1,"minecraft:egg":1},"minecraft:used":{"minecraft:cooked_mutton":1,"minecraft:stone_pickaxe":124,"minecraft:poppy":1,"minecraft:chest":1,"minecraft:wooden_pickaxe":11,"minecraft:cooked_salmon":2,"minecraft:cooked_chicken":1,"minecraft:diamond_axe":478,"minecraft:crafting_table":2,"minecraft:white_bed":2,"minecraft:bread":1,"minecraft:melon_slice":6,"minecraft:iron_pickaxe":167,"minecraft:spruce_sapling":26,"minecraft:stone_axe":16,"minecraft:diamond_sword":19,"minecraft:cobblestone":69,"minecraft:furnace":5,"minecraft:cooked_porkchop":6,"minecraft:cooked_beef":2},"minecraft:killed_by":{"minecraft:player":1,"minecraft:zombie":1}},"DataVersion":3839}