{"stats":{"minecraft:custom":{"minecraft:interact_with_furnace":12,"minecraft:mob_kills":9,"minecraft:interact_with_crafting_table":5,"minecraft:open_barrel":1,"minecraft:leave_game":3,"minecraft:time_since_death":3969,"minecraft:sleep_in_bed":9,"minecraft:time_since_rest":4007,"minecraft:sprint_one_cm":95535,"minecraft:damage_taken":1412,"minecraft:walk_one_cm":404001,"minecraft:drop":10,"minecraft:damage_dealt":1264,"minecraft:fly_one_cm":59444,"minecraft:open_chest":17,"minecraft:crouch_one_cm":418,"minecraft:play_time":136504,"minecraft:deaths":3,"minecraft:sneak_time":159,"minecraft:walk_under_water_one_cm":2132,"minecraft:jump":1275,"minecraft:walk_on_water_one_cm":5119,"minecraft:total_world_time":136504,"minecraft:fall_one_cm":18340},"minecraft:killed":{"minecraft:pig":3,"minecraft:spider":1,"minecraft:skeleton":1,"minecraft:zombie":1,"minecraft:chicken":1,"minecraft:enderman":1,"minecraft:cow":1},"minecraft:picked_up":{"minecraft:crafting_table":4,"minecraft:feather":2,"minecraft:chicken":3,"minecraft:leather":2,"minecraft:diamond_sword":1,"minecraft:wooden_pickaxe":1,"minecraft:map":4,"minecraft:dirt":23,"minecraft:paper":2,"minecraft:raw_copper":29,"minecraft:iron_leggings":1,"minecraft:wheat_seeds":3,"minecraft:spruce_planks":72,"minecraft:cooked_chicken":1,"minecraft:beef":4,"minecraft:iron_ingot":9,"minecraft:stone_pickaxe":2,"minecraft:poppy":2,"minecraft:iron_pickaxe":1,"minecraft:melon_slice":4,"minecraft:iron_boots":1,"minecraft:egg":2,"minecraft:furnace":5,"minecraft:stick":22,"minecraft:cooked_porkchop":8,"minecraft:porkchop":6,"minecraft:spruce_sapling":19,"minecraft:grass_block":2,"minecraft:diorite":18,"minecraft:spruce_log":414,"minecraft:arrow":4,"minecraft:rotten_flesh":6,"minecraft:stone_axe":1,"minecraft:iron_helmet":1,"minecraft:diamond_axe":1,"minecraft:granite":2,"minecraft:bread":2,"minecraft:coal":74,"minecraft:cobblestone":124,"minecraft:ender_pearl":2},"minecraft:broken":{"minecraft:stone_pickaxe":1},"minecraft:mined":{"minecraft:crafting_table":1,"minecraft:grass_block":8,"minecraft:copper_ore":8,"minecraft:spruce_leaves":39,"minecraft:diorite":8,"minecraft:large_fern":2,"minecraft:furnace":3,"minecraft:ice":6,"minecraft:spruce_log":227,"minecraft:coal_ore":37,"minecraft:dirt":4,"minecraft:stone":52},"minecraft:crafted":{"minecraft:cooked_beef":2,"minecraft:diamond_sword":1,"minecraft:cooked_porkchop":6,"minecraft:diamond_axe":1,"minecraft:crafting_table":1,"minecraft:spruce_planks":92,"minecraft:wooden_pickaxe":1,"minecraft:cooked_chicken":1,"minecraft:stone_axe":1,"minecraft:stick":24,"minecraft:iron_pickaxe":1,"minecraft:stone_pickaxe":1},"minecraft:dropped":{"minecraft:feather":1,"minecraft:cobblestone":51,"minecraft:rotten_flesh":6,"minecraft:granite":2,"minecraft:dirt":11,"minecraft:diorite":9,"minecraft:wooden_pickaxe":1,"minecraft:egg":1},"minecraft:used":{"minecraft:stone_pickaxe":124,"minecraft:poppy":1,"minecraft:wooden_pickaxe":11,"minecraft:diamond_axe":266,"minecraft:crafting_table":1,"minecraft:melon_slice":6,"minecraft:iron_pickaxe":2,"minecraft:spruce_sapling":19,"minecraft:stone_axe":16,"minecraft:diamond_sword":14,"minecraft:furnace":2,"minecraft:cooked_porkchop":5},"minecraft:killed_by":{"minecraft:player":1,"minecraft:zombie":1}},"DataVersion":3839}