{"stats":{"minecraft:custom":{"minecraft:interact_with_furnace":22,"minecraft:mob_kills":35,"minecraft:traded_with_villager":30,"minecraft:interact_with_crafting_table":5,"minecraft:open_barrel":1,"minecraft:leave_game":5,"minecraft:time_since_death":41076,"minecraft:sleep_in_bed":12,"minecraft:climb_one_cm":203,"minecraft:time_since_rest":5669,"minecraft:sprint_one_cm":116030,"minecraft:damage_taken":1686,"minecraft:walk_one_cm":513234,"minecraft:drop":10,"minecraft:damage_dealt":3088,"minecraft:talked_to_villager":10,"minecraft:swim_one_cm":6858,"minecraft:fly_one_cm":63814,"minecraft:open_chest":25,"minecraft:crouch_one_cm":418,"minecraft:play_time":173611,"minecraft:deaths":3,"minecraft:sneak_time":291,"minecraft:walk_under_water_one_cm":21166,"minecraft:jump":1551,"minecraft:walk_on_water_one_cm":13463,"minecraft:total_world_time":173611,"minecraft:fall_one_cm":20132},"minecraft:killed":{"minecraft:pig":3,"minecraft:salmon":11,"minecraft:spider":1,"minecraft:squid":2,"minecraft:sheep":10,"minecraft:skeleton":1,"minecraft:zombie":3,"minecraft:chicken":1,"minecraft:drowned":1,"minecraft:enderman":1,"minecraft:cow":1},"minecraft:picked_up":{"minecraft:crafting_table":4,"minecraft:feather":2,"minecraft:chicken":3,"minecraft:salmon":11,"minecraft:leather":2,"minecraft:diamond_sword":1,"minecraft:wooden_pickaxe":1,"minecraft:map":4,"minecraft:dirt":23,"minecraft:paper":2,"minecraft:raw_copper":29,"minecraft:iron_leggings":1,"minecraft:bone":2,"minecraft:wheat_seeds":3,"minecraft:spruce_planks":72,"minecraft:iron_ingot":9,"minecraft:beef":4,"minecraft:stone_pickaxe":2,"minecraft:cooked_chicken":1,"minecraft:poppy":2,"minecraft:iron_pickaxe":1,"minecraft:light_gray_wool":1,"minecraft:melon_slice":4,"minecraft:chest":1,"minecraft:egg":2,"minecraft:iron_boots":1,"minecraft:furnace":6,"minecraft:stick":30,"minecraft:cooked_porkchop":8,"minecraft:porkchop":6,"minecraft:ink_sac":5,"minecraft:spruce_sapling":26,"minecraft:grass_block":2,"minecraft:diorite":18,"minecraft:white_bed":2,"minecraft:spruce_log":534,"minecraft:pumpkin_seeds":2,"minecraft:arrow":5,"minecraft:rotten_flesh":6,"minecraft:stone_axe":1,"minecraft:iron_helmet":1,"minecraft:diamond_axe":1,"minecraft:granite":2,"minecraft:bread":2,"minecraft:mutton":15,"minecraft:coal":74,"minecraft:white_wool":9,"minecraft:cobblestone":124,"minecraft:ender_pearl":2},"minecraft:broken":{"minecraft:stone_pickaxe":1},"minecraft:mined":{"minecraft:white_bed":2,"minecraft:crafting_table":1,"minecraft:grass_block":8,"minecraft:chest":1,"minecraft:copper_ore":8,"minecraft:spruce_leaves":68,"minecraft:diorite":8,"minecraft:large_fern":2,"minecraft:furnace":4,"minecraft:ice":6,"minecraft:spruce_log":351,"minecraft:coal_ore":37,"minecraft:dirt":4,"minecraft:stone":52},"minecraft:crafted":{"minecraft:cooked_beef":2,"minecraft:diamond_sword":1,"minecraft:emerald":30,"minecraft:cooked_porkchop":6,"minecraft:diamond_axe":1,"minecraft:crafting_table":1,"minecraft:spruce_planks":604,"minecraft:wooden_pickaxe":1,"minecraft:cooked_chicken":1,"minecraft:cooked_salmon":11,"minecraft:stone_axe":1,"minecraft:cooked_mutton":15,"minecraft:stick":1156,"minecraft:iron_pickaxe":1,"minecraft:stone_pickaxe":1},"minecraft:dropped":{"minecraft:feather":1,"minecraft:cobblestone":51,"minecraft:rotten_flesh":6,"minecraft:granite":2,"minecraft:dirt":11,"minecraft:diorite":9,"minecraft:wooden_pickaxe":1,"minecraft:egg":1},"minecraft:used":{"minecraft:stone_pickaxe":124,"minecraft:poppy":1,"minecraft:wooden_pickaxe":11,"minecraft:cooked_chicken":1,"minecraft:diamond_axe":458,"minecraft:crafting_table":1,"minecraft:white_bed":2,"minecraft:melon_slice":6,"minecraft:iron_pickaxe":3,"minecraft:spruce_sapling":26,"minecraft:stone_axe":16,"minecraft:diamond_sword":14,"minecraft:furnace":3,"minecraft:cooked_porkchop":6,"minecraft:cooked_beef":1},"minecraft:killed_by":{"minecraft:player":1,"minecraft:zombie":1}},"DataVersion":3839}