{"stats":{"minecraft:custom":{"minecraft:time_since_rest":5487,"minecraft:interact_with_furnace":7,"minecraft:sprint_one_cm":80144,"minecraft:damage_taken":908,"minecraft:walk_one_cm":289684,"minecraft:mob_kills":7,"minecraft:drop":7,"minecraft:damage_dealt":887,"minecraft:interact_with_crafting_table":5,"minecraft:fly_one_cm":53409,"minecraft:open_chest":17,"minecraft:open_barrel":1,"minecraft:crouch_one_cm":64,"minecraft:play_time":112504,"minecraft:deaths":2,"minecraft:sneak_time":29,"minecraft:walk_under_water_one_cm":1831,"minecraft:jump":941,"minecraft:leave_game":3,"minecraft:time_since_death":41379,"minecraft:walk_on_water_one_cm":4137,"minecraft:sleep_in_bed":6,"minecraft:total_world_time":112504,"minecraft:fall_one_cm":12485},"minecraft:killed":{"minecraft:skeleton":1,"minecraft:zombie":1,"minecraft:pig":3,"minecraft:chicken":1,"minecraft:spider":1},"minecraft:picked_up":{"minecraft:stick":4,"minecraft:crafting_table":3,"minecraft:feather":2,"minecraft:chicken":3,"minecraft:cooked_porkchop":7,"minecraft:wooden_pickaxe":1,"minecraft:porkchop":6,"minecraft:spruce_sapling":4,"minecraft:diorite":18,"minecraft:spruce_log":24,"minecraft:map":4,"minecraft:paper":2,"minecraft:dirt":23,"minecraft:raw_copper":29,"minecraft:arrow":2,"minecraft:rotten_flesh":6,"minecraft:stone_axe":1,"minecraft:wheat_seeds":2,"minecraft:iron_ingot":8,"minecraft:granite":2,"minecraft:stone_pickaxe":2,"minecraft:bread":1,"minecraft:poppy":2,"minecraft:melon_slice":4,"minecraft:coal":74,"minecraft:furnace":3,"minecraft:cobblestone":124,"minecraft:egg":2},"minecraft:broken":{"minecraft:stone_pickaxe":1},"minecraft:mined":{"minecraft:large_fern":1,"minecraft:furnace":2,"minecraft:ice":6,"minecraft:spruce_log":23,"minecraft:crafting_table":1,"minecraft:grass_block":8,"minecraft:coal_ore":37,"minecraft:dirt":4,"minecraft:copper_ore":8,"minecraft:spruce_leaves":8,"minecraft:stone":52,"minecraft:diorite":8},"minecraft:crafted":{"minecraft:diamond_sword":1,"minecraft:cooked_porkchop":6,"minecraft:diamond_axe":1,"minecraft:crafting_table":1,"minecraft:spruce_planks":20,"minecraft:stick":24,"minecraft:iron_pickaxe":1,"minecraft:wooden_pickaxe":1,"minecraft:stone_pickaxe":1,"minecraft:stone_axe":1},"minecraft:dropped":{"minecraft:feather":1,"minecraft:rotten_flesh":6,"minecraft:granite":2,"minecraft:wooden_pickaxe":1,"minecraft:egg":1},"minecraft:used":{"minecraft:melon_slice":6,"minecraft:stone_pickaxe":124,"minecraft:wooden_pickaxe":11,"minecraft:diamond_axe":28,"minecraft:spruce_sapling":3,"minecraft:stone_axe":16,"minecraft:crafting_table":1,"minecraft:furnace":1,"minecraft:cooked_porkchop":3},"minecraft:killed_by":{"minecraft:player":1,"minecraft:zombie":1}},"DataVersion":3839}