{"stats":{"minecraft:crafted":{"minecraft:oak_planks":44,"minecraft:birch_boat":1,"minecraft:cooked_chicken":4,"minecraft:furnace":1,"minecraft:cooked_mutton":4,"minecraft:iron_boots":1,"minecraft:stone_pickaxe":6,"minecraft:chest":2,"minecraft:golden_helmet":1,"minecraft:cooked_beef":2,"minecraft:sugar":5,"minecraft:diamond_sword":1,"minecraft:diamond_axe":1,"minecraft:crafting_table":2,"minecraft:spruce_planks":296,"minecraft:wooden_pickaxe":2,"minecraft:iron_sword":1,"minecraft:copper_ingot":13,"minecraft:birch_planks":28,"minecraft:stone_axe":2,"minecraft:iron_chestplate":1,"minecraft:diamond_pickaxe":1,"minecraft:shield":2,"minecraft:stick":148,"minecraft:iron_ingot":34,"minecraft:iron_pickaxe":2,"minecraft:wooden_axe":1,"minecraft:stone_sword":2,"minecraft:iron_leggings":1,"minecraft:gold_ingot":35,"minecraft:torch":160,"minecraft:diamond_chestplate":1},"minecraft:dropped":{"minecraft:iron_ingot":2,"minecraft:wheat_seeds":2,"minecraft:diamond":7,"minecraft:diorite":9,"minecraft:seagrass":2,"minecraft:iron_leggings":2,"minecraft:sand":1,"minecraft:iron_pickaxe":1,"minecraft:white_wool":5,"minecraft:blue_bed":2,"minecraft:bone":3,"minecraft:cobbled_deepslate":128,"minecraft:light_gray_wool":2,"minecraft:cooked_mutton":1,"minecraft:shield":1},"minecraft:killed_by":{"minecraft:creeper":2,"minecraft:spider":1,"minecraft:cave_spider":1,"minecraft:skeleton":7,"minecraft:zombie":1},"minecraft:killed":{"minecraft:spider":1,"minecraft:skeleton":4,"minecraft:chicken":3,"minecraft:turtle":1,"minecraft:pig":7,"minecraft:zombie_villager":1,"minecraft:salmon":1,"minecraft:sheep":6,"minecraft:zombie":7,"minecraft:villager":3,"minecraft:cow":2},"minecraft:picked_up":{"minecraft:seagrass":2,"minecraft:crafting_table":4,"minecraft:chicken":1,"minecraft:brown_mushroom":1,"minecraft:diamond_sword":1,"minecraft:gold_block":1,"minecraft:shield":4,"minecraft:raw_copper":46,"minecraft:iron_leggings":4,"minecraft:white_carpet":27,"minecraft:cobbled_deepslate":211,"minecraft:bucket":2,"minecraft:spruce_planks":172,"minecraft:beef":4,"minecraft:iron_pickaxe":6,"minecraft:light_gray_wool":2,"minecraft:sugar_cane":36,"minecraft:egg":5,"minecraft:furnace":3,"minecraft:golden_helmet":1,"minecraft:stick":24,"minecraft:raw_iron":43,"minecraft:sandstone":1,"minecraft:copper_ingot":12,"minecraft:torch":91,"minecraft:porkchop":10,"minecraft:diorite":47,"minecraft:dark_oak_planks":5,"minecraft:diamond_chestplate":1,"minecraft:stone_sword":3,"minecraft:arrow":7,"minecraft:rotten_flesh":27,"minecraft:mutton":9,"minecraft:rail":6,"minecraft:white_wool":5,"minecraft:cobblestone":555,"minecraft:birch_log":7,"minecraft:feather":4,"minecraft:andesite":52,"minecraft:leather":2,"minecraft:potato":1,"minecraft:birch_planks":1,"minecraft:oak_log":11,"minecraft:golden_boots":1,"minecraft:dirt":22,"minecraft:blue_bed":3,"minecraft:cooked_mutton":2,"minecraft:bone":13,"minecraft:wheat_seeds":2,"minecraft:raw_gold":28,"minecraft:cooked_chicken":7,"minecraft:iron_ingot":18,"minecraft:stone_pickaxe":5,"minecraft:powered_rail":4,"minecraft:oak_planks":7,"minecraft:iron_sword":3,"minecraft:pumpkin":32,"minecraft:sweet_berries":5,"minecraft:gravel":4,"minecraft:sand":4,"minecraft:stripped_spruce_log":1,"minecraft:spruce_sapling":3,"minecraft:white_bed":1,"minecraft:spruce_log":73,"minecraft:diamond":23,"minecraft:stone_axe":4,"minecraft:iron_helmet":2,"minecraft:diamond_axe":1,"minecraft:granite":262,"minecraft:oak_sapling":2,"minecraft:coal":98,"minecraft:diamond_pickaxe":1},"minecraft:broken":{"minecraft:stone_pickaxe":2},"minecraft:used":{"minecraft:stone_sword":8,"minecraft:chest":2,"minecraft:shield":84,"minecraft:iron_sword":6,"minecraft:cooked_chicken":3,"minecraft:rotten_flesh":1,"minecraft:torch":24,"minecraft:dirt":1,"minecraft:mutton":3,"minecraft:dark_oak_planks":5,"minecraft:wooden_axe":3,"minecraft:oak_sapling":2,"minecraft:sweet_berries":5,"minecraft:furnace":3,"minecraft:potato":1,"minecraft:cooked_beef":2,"minecraft:cobbled_deepslate":29,"minecraft:cooked_mutton":3,"minecraft:birch_planks":1,"minecraft:stone_pickaxe":465,"minecraft:wooden_pickaxe":44,"minecraft:birch_boat":1,"minecraft:sandstone":1,"minecraft:sugar_cane":11,"minecraft:blue_bed":1,"minecraft:diamond_axe":62,"minecraft:glow_berries":1,"minecraft:sand":1,"minecraft:crafting_table":5,"minecraft:white_bed":1,"minecraft:iron_pickaxe":80,"minecraft:spruce_sapling":3,"minecraft:stone_axe":130,"minecraft:diamond_sword":25,"minecraft:cobblestone":39,"minecraft:andesite":1},"minecraft:custom":{"minecraft:interact_with_anvil":6,"minecraft:mob_kills":39,"minecraft:interact_with_crafting_table":37,"minecraft:leave_game":8,"minecraft:time_since_death":10537,"minecraft:sprint_one_cm":134766,"minecraft:walk_one_cm":1058899,"minecraft:damage_blocked_by_shield":3375,"minecraft:drop":22,"minecraft:talked_to_villager":40,"minecraft:play_time":257318,"minecraft:deaths":15,"minecraft:sneak_time":3425,"minecraft:walk_under_water_one_cm":15092,"minecraft:boat_one_cm":91225,"minecraft:jump":2392,"minecraft:walk_on_water_one_cm":46135,"minecraft:total_world_time":257318,"minecraft:interact_with_furnace":40,"minecraft:sleep_in_bed":9,"minecraft:time_since_rest":5905,"minecraft:damage_taken":4817,"minecraft:damage_dealt":5281,"minecraft:swim_one_cm":39036,"minecraft:fly_one_cm":46693,"minecraft:open_chest":27,"minecraft:crouch_one_cm":6840,"minecraft:fall_one_cm":41060},"minecraft:mined":{"minecraft:dark_oak_planks":5,"minecraft:spruce_planks":2,"minecraft:deepslate_diamond_ore":23,"minecraft:granite":12,"minecraft:grass_block":12,"minecraft:spruce_leaves":85,"minecraft:sandstone":1,"minecraft:furnace":3,"minecraft:iron_ore":20,"minecraft:cobbled_deepslate":1,"minecraft:fire":1,"minecraft:andesite":46,"minecraft:stripped_spruce_log":1,"minecraft:pumpkin":8,"minecraft:gold_block":1,"minecraft:deepslate_iron_ore":10,"minecraft:stone":166,"minecraft:brown_mushroom":1,"minecraft:crafting_table":4,"minecraft:short_grass":3,"minecraft:deepslate_gold_ore":8,"minecraft:oak_planks":6,"minecraft:sugar_cane":14,"minecraft:diorite":27,"minecraft:blue_bed":2,"minecraft:birch_log":7,"minecraft:spruce_log":73,"minecraft:birch_leaves":1,"minecraft:oak_log":12,"minecraft:coal_ore":64,"minecraft:gravel":2,"minecraft:sand":5,"minecraft:dirt":6,"minecraft:gold_ore":18,"minecraft:oak_leaves":18,"minecraft:deepslate":159,"minecraft:fern":2}},"DataVersion":3839}