{"stats":{"minecraft:crafted":{"minecraft:sugar":5,"minecraft:oak_planks":44,"minecraft:crafting_table":1,"minecraft:spruce_planks":296,"minecraft:wooden_pickaxe":2,"minecraft:cooked_chicken":4,"minecraft:iron_sword":1,"minecraft:furnace":1,"minecraft:copper_ingot":13,"minecraft:stone_axe":2,"minecraft:iron_boots":1,"minecraft:iron_chestplate":1,"minecraft:shield":2,"minecraft:stick":96,"minecraft:iron_ingot":13,"minecraft:iron_pickaxe":2,"minecraft:stone_pickaxe":6,"minecraft:wooden_axe":1,"minecraft:stone_sword":2,"minecraft:torch":132},"minecraft:broken":{"minecraft:stone_pickaxe":1},"minecraft:custom":{"minecraft:interact_with_furnace":20,"minecraft:mob_kills":12,"minecraft:interact_with_crafting_table":24,"minecraft:leave_game":5,"minecraft:time_since_death":41508,"minecraft:sleep_in_bed":5,"minecraft:time_since_rest":41540,"minecraft:sprint_one_cm":104942,"minecraft:damage_taken":4146,"minecraft:walk_one_cm":613748,"minecraft:damage_blocked_by_shield":945,"minecraft:drop":2,"minecraft:damage_dealt":1792,"minecraft:swim_one_cm":38732,"minecraft:fly_one_cm":29593,"minecraft:open_chest":14,"minecraft:crouch_one_cm":1502,"minecraft:play_time":135723,"minecraft:deaths":14,"minecraft:sneak_time":737,"minecraft:walk_under_water_one_cm":5526,"minecraft:jump":1482,"minecraft:walk_on_water_one_cm":31357,"minecraft:total_world_time":135723,"minecraft:fall_one_cm":33323},"minecraft:mined":{"minecraft:dark_oak_planks":5,"minecraft:spruce_planks":2,"minecraft:brown_mushroom":1,"minecraft:deepslate_diamond_ore":6,"minecraft:crafting_table":2,"minecraft:granite":4,"minecraft:short_grass":3,"minecraft:grass_block":11,"minecraft:spruce_leaves":77,"minecraft:deepslate_gold_ore":8,"minecraft:sugar_cane":14,"minecraft:sandstone":1,"minecraft:furnace":1,"minecraft:iron_ore":20,"minecraft:spruce_log":73,"minecraft:stripped_spruce_log":1,"minecraft:andesite":7,"minecraft:pumpkin":8,"minecraft:oak_log":12,"minecraft:coal_ore":64,"minecraft:deepslate_iron_ore":7,"minecraft:sand":4,"minecraft:dirt":6,"minecraft:stone":118,"minecraft:gold_ore":18,"minecraft:oak_leaves":18,"minecraft:deepslate":89,"minecraft:fern":1},"minecraft:used":{"minecraft:stone_sword":8,"minecraft:stone_pickaxe":273,"minecraft:wooden_pickaxe":44,"minecraft:shield":23,"minecraft:sandstone":1,"minecraft:iron_sword":6,"minecraft:sugar_cane":11,"minecraft:cooked_chicken":3,"minecraft:rotten_flesh":1,"minecraft:torch":3,"minecraft:glow_berries":1,"minecraft:dirt":1,"minecraft:sand":1,"minecraft:crafting_table":2,"minecraft:wooden_axe":3,"minecraft:dark_oak_planks":5,"minecraft:iron_pickaxe":53,"minecraft:spruce_sapling":3,"minecraft:stone_axe":123,"minecraft:cobblestone":22,"minecraft:furnace":1,"minecraft:oak_sapling":2},"minecraft:dropped":{"minecraft:iron_ingot":2,"minecraft:iron_pickaxe":1},"minecraft:picked_up":{"minecraft:crafting_table":2,"minecraft:feather":4,"minecraft:chicken":1,"minecraft:andesite":12,"minecraft:leather":2,"minecraft:brown_mushroom":1,"minecraft:oak_log":11,"minecraft:shield":2,"minecraft:dirt":22,"minecraft:raw_copper":8,"minecraft:white_carpet":27,"minecraft:bone":6,"minecraft:wheat_seeds":1,"minecraft:cobbled_deepslate":140,"minecraft:raw_gold":28,"minecraft:spruce_planks":172,"minecraft:iron_ingot":18,"minecraft:beef":4,"minecraft:stone_pickaxe":3,"minecraft:cooked_chicken":7,"minecraft:iron_pickaxe":5,"minecraft:powered_rail":4,"minecraft:sugar_cane":36,"minecraft:iron_sword":1,"minecraft:furnace":1,"minecraft:egg":5,"minecraft:stick":14,"minecraft:raw_iron":39,"minecraft:sandstone":1,"minecraft:pumpkin":32,"minecraft:copper_ingot":12,"minecraft:torch":82,"minecraft:porkchop":10,"minecraft:sand":4,"minecraft:stripped_spruce_log":1,"minecraft:spruce_sapling":3,"minecraft:diorite":9,"minecraft:white_bed":1,"minecraft:spruce_log":73,"minecraft:dark_oak_planks":5,"minecraft:arrow":2,"minecraft:rotten_flesh":22,"minecraft:diamond":6,"minecraft:stone_axe":3,"minecraft:granite":4,"minecraft:oak_sapling":2,"minecraft:coal":64,"minecraft:rail":6,"minecraft:cobblestone":265},"minecraft:killed_by":{"minecraft:cave_spider":1,"minecraft:skeleton":7,"minecraft:creeper":1,"minecraft:spider":1,"minecraft:zombie":1},"minecraft:killed":{"minecraft:pig":4,"minecraft:skeleton":2,"minecraft:zombie":3,"minecraft:chicken":1,"minecraft:cow":2}},"DataVersion":3839}