{"stats":{"minecraft:custom":{"minecraft:interact_with_furnace":27,"minecraft:mob_kills":24,"minecraft:interact_with_crafting_table":31,"minecraft:leave_game":6,"minecraft:time_since_death":65481,"minecraft:sleep_in_bed":5,"minecraft:time_since_rest":65513,"minecraft:sprint_one_cm":106545,"minecraft:damage_taken":4157,"minecraft:walk_one_cm":733040,"minecraft:damage_blocked_by_shield":945,"minecraft:drop":8,"minecraft:damage_dealt":2652,"minecraft:swim_one_cm":38732,"minecraft:fly_one_cm":31380,"minecraft:open_chest":15,"minecraft:crouch_one_cm":1664,"minecraft:play_time":159696,"minecraft:deaths":14,"minecraft:sneak_time":798,"minecraft:walk_under_water_one_cm":6727,"minecraft:jump":1665,"minecraft:walk_on_water_one_cm":31906,"minecraft:fall_one_cm":35055,"minecraft:total_world_time":159696},"minecraft:killed":{"minecraft:pig":7,"minecraft:salmon":1,"minecraft:sheep":6,"minecraft:skeleton":2,"minecraft:zombie":3,"minecraft:chicken":3,"minecraft:cow":2},"minecraft:picked_up":{"minecraft:crafting_table":3,"minecraft:feather":4,"minecraft:chicken":1,"minecraft:andesite":12,"minecraft:leather":2,"minecraft:brown_mushroom":1,"minecraft:gold_block":1,"minecraft:oak_log":11,"minecraft:shield":2,"minecraft:dirt":22,"minecraft:raw_copper":8,"minecraft:white_carpet":27,"minecraft:bone":6,"minecraft:wheat_seeds":1,"minecraft:cobbled_deepslate":210,"minecraft:raw_gold":28,"minecraft:spruce_planks":172,"minecraft:iron_ingot":18,"minecraft:beef":4,"minecraft:stone_pickaxe":3,"minecraft:cooked_chicken":7,"minecraft:iron_pickaxe":5,"minecraft:light_gray_wool":2,"minecraft:powered_rail":4,"minecraft:sugar_cane":36,"minecraft:iron_sword":1,"minecraft:furnace":2,"minecraft:egg":5,"minecraft:raw_iron":43,"minecraft:stick":14,"minecraft:sandstone":1,"minecraft:pumpkin":32,"minecraft:copper_ingot":12,"minecraft:torch":82,"minecraft:porkchop":10,"minecraft:sand":4,"minecraft:stripped_spruce_log":1,"minecraft:spruce_sapling":3,"minecraft:white_bed":1,"minecraft:diorite":9,"minecraft:spruce_log":73,"minecraft:dark_oak_planks":5,"minecraft:arrow":2,"minecraft:rotten_flesh":22,"minecraft:diamond":23,"minecraft:stone_axe":3,"minecraft:granite":4,"minecraft:oak_sapling":2,"minecraft:mutton":9,"minecraft:rail":6,"minecraft:coal":64,"minecraft:white_wool":5,"minecraft:cobblestone":265},"minecraft:broken":{"minecraft:stone_pickaxe":2},"minecraft:mined":{"minecraft:dark_oak_planks":5,"minecraft:spruce_planks":2,"minecraft:brown_mushroom":1,"minecraft:deepslate_diamond_ore":23,"minecraft:crafting_table":3,"minecraft:granite":4,"minecraft:short_grass":3,"minecraft:grass_block":11,"minecraft:spruce_leaves":84,"minecraft:deepslate_gold_ore":8,"minecraft:sugar_cane":14,"minecraft:sandstone":1,"minecraft:furnace":2,"minecraft:iron_ore":20,"minecraft:fire":1,"minecraft:spruce_log":73,"minecraft:stripped_spruce_log":1,"minecraft:andesite":7,"minecraft:pumpkin":8,"minecraft:gold_block":1,"minecraft:coal_ore":64,"minecraft:oak_log":12,"minecraft:deepslate_iron_ore":10,"minecraft:sand":4,"minecraft:dirt":6,"minecraft:stone":118,"minecraft:gold_ore":18,"minecraft:oak_leaves":18,"minecraft:deepslate":159,"minecraft:fern":1},"minecraft:crafted":{"minecraft:cooked_beef":2,"minecraft:sugar":5,"minecraft:oak_planks":44,"minecraft:diamond_sword":1,"minecraft:diamond_axe":1,"minecraft:crafting_table":2,"minecraft:spruce_planks":296,"minecraft:wooden_pickaxe":2,"minecraft:cooked_chicken":4,"minecraft:iron_sword":1,"minecraft:furnace":1,"minecraft:copper_ingot":13,"minecraft:stone_axe":2,"minecraft:iron_boots":1,"minecraft:iron_chestplate":1,"minecraft:diamond_pickaxe":1,"minecraft:shield":2,"minecraft:stick":124,"minecraft:iron_ingot":22,"minecraft:iron_pickaxe":2,"minecraft:stone_pickaxe":6,"minecraft:wooden_axe":1,"minecraft:stone_sword":2,"minecraft:gold_ingot":9,"minecraft:iron_leggings":1,"minecraft:torch":132,"minecraft:golden_helmet":1,"minecraft:diamond_chestplate":1},"minecraft:dropped":{"minecraft:iron_ingot":2,"minecraft:cobbled_deepslate":128,"minecraft:diamond":7,"minecraft:light_gray_wool":1,"minecraft:diorite":9,"minecraft:sand":1,"minecraft:iron_pickaxe":1},"minecraft:used":{"minecraft:stone_sword":8,"minecraft:stone_pickaxe":338,"minecraft:wooden_pickaxe":44,"minecraft:shield":23,"minecraft:sandstone":1,"minecraft:iron_sword":6,"minecraft:sugar_cane":11,"minecraft:diamond_axe":21,"minecraft:cooked_chicken":3,"minecraft:rotten_flesh":1,"minecraft:torch":3,"minecraft:glow_berries":1,"minecraft:dirt":1,"minecraft:sand":1,"minecraft:crafting_table":3,"minecraft:dark_oak_planks":5,"minecraft:wooden_axe":3,"minecraft:iron_pickaxe":80,"minecraft:spruce_sapling":3,"minecraft:stone_axe":124,"minecraft:diamond_sword":1,"minecraft:cobblestone":22,"minecraft:oak_sapling":2,"minecraft:furnace":2,"minecraft:cooked_beef":1},"minecraft:killed_by":{"minecraft:cave_spider":1,"minecraft:skeleton":7,"minecraft:creeper":1,"minecraft:spider":1,"minecraft:zombie":1}},"DataVersion":3839}