{"stats":{"minecraft:custom":{"minecraft:jump":183,"minecraft:open_chest":1,"minecraft:time_since_rest":1699,"minecraft:walk_on_water_one_cm":6609,"minecraft:damage_dealt":237,"minecraft:deaths":7,"minecraft:sprint_one_cm":7992,"minecraft:play_time":6055,"minecraft:damage_taken":2036,"minecraft:time_since_death":1670,"minecraft:walk_one_cm":9074,"minecraft:climb_one_cm":1884,"minecraft:total_world_time":6055,"minecraft:walk_under_water_one_cm":10580,"minecraft:mob_kills":1,"minecraft:swim_one_cm":25050,"minecraft:fall_one_cm":12866,"minecraft:fly_one_cm":19040},"minecraft:killed":{"minecraft:zombie":1},"minecraft:mined":{"minecraft:short_grass":8,"minecraft:fern":2},"minecraft:killed_by":{"minecraft:player":5,"minecraft:skeleton":1}},"DataVersion":3839}