{"stats":{"minecraft:custom":{"minecraft:interact_with_anvil":6,"minecraft:mob_kills":54,"minecraft:interact_with_crafting_table":55,"minecraft:open_barrel":4,"minecraft:leave_game":15,"minecraft:time_since_death":16530,"minecraft:sprint_one_cm":164182,"minecraft:walk_one_cm":1764738,"minecraft:damage_blocked_by_shield":6645,"minecraft:drop":72,"minecraft:talked_to_villager":40,"minecraft:play_time":425240,"minecraft:sneak_time":9372,"minecraft:deaths":16,"minecraft:walk_under_water_one_cm":28729,"minecraft:boat_one_cm":91225,"minecraft:jump":4103,"minecraft:walk_on_water_one_cm":104804,"minecraft:total_world_time":425240,"minecraft:interact_with_furnace":57,"minecraft:interact_with_stonecutter":1,"minecraft:sleep_in_bed":15,"minecraft:time_since_rest":14875,"minecraft:damage_taken":6113,"minecraft:damage_absorbed":20,"minecraft:damage_dealt":8590,"minecraft:swim_one_cm":58437,"minecraft:fly_one_cm":57388,"minecraft:open_chest":83,"minecraft:crouch_one_cm":26367,"minecraft:fall_one_cm":62195},"minecraft:mined":{"minecraft:dark_oak_planks":5,"minecraft:nether_gold_ore":1,"minecraft:tuff":17,"minecraft:spruce_planks":2,"minecraft:white_bed":2,"minecraft:deepslate_diamond_ore":44,"minecraft:carved_pumpkin":1,"minecraft:obsidian":1,"minecraft:granite":23,"minecraft:grass_block":27,"minecraft:spruce_leaves":106,"minecraft:crimson_fungus":1,"minecraft:sandstone":1,"minecraft:weeping_vines_plant":2,"minecraft:furnace":3,"minecraft:iron_ore":33,"minecraft:cobbled_deepslate":5,"minecraft:fire":3,"minecraft:snow":75,"minecraft:andesite":60,"minecraft:stripped_spruce_log":1,"minecraft:pumpkin":10,"minecraft:gold_block":1,"minecraft:deepslate_iron_ore":13,"minecraft:rail":2,"minecraft:stone":593,"minecraft:green_bed":2,"minecraft:brown_mushroom":1,"minecraft:crafting_table":4,"minecraft:short_grass":3,"minecraft:copper_ore":8,"minecraft:cobblestone":1,"minecraft:deepslate_gold_ore":8,"minecraft:sugar_cane":14,"minecraft:oak_planks":13,"minecraft:diorite":29,"minecraft:blue_bed":2,"minecraft:birch_log":7,"minecraft:spruce_log":156,"minecraft:birch_leaves":1,"minecraft:oak_log":12,"minecraft:coal_ore":121,"minecraft:sand":5,"minecraft:gravel":17,"minecraft:dirt":25,"minecraft:cobweb":32,"minecraft:netherrack":5,"minecraft:gold_ore":18,"minecraft:oak_leaves":18,"minecraft:deepslate":257,"minecraft:fern":2},"minecraft:picked_up":{"minecraft:seagrass":2,"minecraft:crafting_table":4,"minecraft:chicken":1,"minecraft:brown_mushroom":1,"minecraft:diamond_sword":3,"minecraft:wooden_pickaxe":1,"minecraft:gold_block":1,"minecraft:shield":6,"minecraft:string":35,"minecraft:raw_copper":98,"minecraft:flint_and_steel":1,"minecraft:snow":29,"minecraft:iron_leggings":5,"minecraft:white_carpet":27,"minecraft:diamond_leggings":1,"minecraft:gold_nugget":3,"minecraft:cobbled_deepslate":291,"minecraft:bucket":3,"minecraft:spruce_planks":176,"minecraft:beef":4,"minecraft:iron_pickaxe":7,"minecraft:light_gray_wool":2,"minecraft:sugar_cane":36,"minecraft:furnace":3,"minecraft:iron_boots":2,"minecraft:egg":5,"minecraft:golden_helmet":1,"minecraft:stick":51,"minecraft:raw_iron":60,"minecraft:sandstone":1,"minecraft:copper_ingot":12,"minecraft:oak_fence":3,"minecraft:torch":100,"minecraft:green_bed":2,"minecraft:snow_block":12,"minecraft:porkchop":10,"minecraft:carrot":1,"minecraft:diorite":49,"minecraft:golden_chestplate":3,"minecraft:dark_oak_planks":5,"minecraft:stone_shovel":1,"minecraft:stone_sword":4,"minecraft:arrow":15,"minecraft:rotten_flesh":34,"minecraft:diamond_chestplate":2,"minecraft:diamond_boots":1,"minecraft:carved_pumpkin":1,"minecraft:snowball":47,"minecraft:obsidian":1,"minecraft:mutton":9,"minecraft:rail":16,"minecraft:white_wool":5,"minecraft:cobblestone":1053,"minecraft:birch_log":7,"minecraft:feather":4,"minecraft:water_bucket":1,"minecraft:andesite":79,"minecraft:leather":2,"minecraft:potato":1,"minecraft:birch_planks":1,"minecraft:crimson_fungus":1,"minecraft:oak_log":11,"minecraft:golden_boots":3,"minecraft:dirt":91,"minecraft:blue_bed":3,"minecraft:cooked_mutton":2,"minecraft:bone":15,"minecraft:wheat_seeds":2,"minecraft:raw_gold":28,"minecraft:iron_ingot":18,"minecraft:stone_pickaxe":5,"minecraft:cooked_chicken":7,"minecraft:diamond_helmet":1,"minecraft:powered_rail":4,"minecraft:iron_sword":3,"minecraft:oak_planks":19,"minecraft:pumpkin":34,"minecraft:sweet_berries":5,"minecraft:gravel":24,"minecraft:sand":4,"minecraft:stripped_spruce_log":1,"minecraft:spruce_sapling":5,"minecraft:grass_block":6,"minecraft:white_bed":3,"minecraft:spruce_log":156,"minecraft:spider_eye":1,"minecraft:pumpkin_seeds":24,"minecraft:diamond":52,"minecraft:stone_axe":5,"minecraft:iron_helmet":2,"minecraft:granite":275,"minecraft:diamond_axe":2,"minecraft:golden_apple":1,"minecraft:netherrack":4,"minecraft:oak_sapling":2,"minecraft:melon_seeds":7,"minecraft:coal":155,"minecraft:diamond_pickaxe":3},"minecraft:used":{"minecraft:beetroot":1,"minecraft:stone_sword":8,"minecraft:flint_and_steel":4,"minecraft:carved_pumpkin":1,"minecraft:stone_shovel":55,"minecraft:chest":2,"minecraft:shield":140,"minecraft:iron_sword":25,"minecraft:cooked_chicken":3,"minecraft:rotten_flesh":1,"minecraft:netherrack":4,"minecraft:torch":52,"minecraft:dirt":20,"minecraft:mutton":3,"minecraft:carrot":1,"minecraft:golden_shovel":32,"minecraft:granite":8,"minecraft:obsidian":1,"minecraft:dark_oak_planks":5,"minecraft:wooden_axe":3,"minecraft:lava_bucket":8,"minecraft:oak_sapling":2,"minecraft:sweet_berries":5,"minecraft:furnace":3,"minecraft:cooked_beef":2,"minecraft:potato":1,"minecraft:pumpkin":2,"minecraft:cobbled_deepslate":73,"minecraft:beetroot_soup":1,"minecraft:cooked_mutton":4,"minecraft:water_bucket":14,"minecraft:snow_block":8,"minecraft:birch_planks":1,"minecraft:stone_pickaxe":545,"minecraft:wooden_pickaxe":44,"minecraft:birch_boat":1,"minecraft:sandstone":1,"minecraft:sugar_cane":11,"minecraft:blue_bed":1,"minecraft:diamond_axe":205,"minecraft:green_bed":1,"minecraft:golden_apple":2,"minecraft:glow_berries":1,"minecraft:sand":1,"minecraft:crafting_table":5,"minecraft:white_bed":3,"minecraft:shears":1,"minecraft:pumpkin_seeds":1,"minecraft:diamond_pickaxe":36,"minecraft:bread":10,"minecraft:iron_pickaxe":699,"minecraft:gravel":3,"minecraft:spruce_sapling":3,"minecraft:stone_axe":132,"minecraft:diamond_sword":60,"minecraft:crimson_fungus":1,"minecraft:cobblestone":47,"minecraft:andesite":5,"minecraft:bucket":22},"minecraft:killed":{"minecraft:cave_spider":2,"minecraft:spider":3,"minecraft:skeleton":6,"minecraft:chicken":3,"minecraft:turtle":1,"minecraft:pig":7,"minecraft:zombie_villager":1,"minecraft:salmon":1,"minecraft:sheep":6,"minecraft:zombie":16,"minecraft:villager":3,"minecraft:cow":2},"minecraft:killed_by":{"minecraft:creeper":2,"minecraft:spider":1,"minecraft:cave_spider":1,"minecraft:skeleton":7,"minecraft:zombie":1},"minecraft:dropped":{"minecraft:iron_ingot":2,"minecraft:iron_sword":1,"minecraft:wheat_seeds":2,"minecraft:diamond":15,"minecraft:oak_fence":3,"minecraft:cobblestone":448,"minecraft:granite":162,"minecraft:saddle":1,"minecraft:rail":17,"minecraft:coal":13,"minecraft:stick":5,"minecraft:diorite":9,"minecraft:seagrass":2,"minecraft:iron_leggings":3,"minecraft:sand":1,"minecraft:iron_pickaxe":1,"minecraft:string":45,"minecraft:white_wool":5,"minecraft:bucket":2,"minecraft:blue_bed":2,"minecraft:bone":3,"minecraft:golden_chestplate":2,"minecraft:stone_sword":1,"minecraft:cobbled_deepslate":165,"minecraft:raw_copper":19,"minecraft:rotten_flesh":9,"minecraft:light_gray_wool":2,"minecraft:oak_planks":6,"minecraft:iron_boots":2,"minecraft:cooked_mutton":1,"minecraft:diamond_sword":1,"minecraft:snow":29,"minecraft:shield":2,"minecraft:spruce_planks":332,"minecraft:diamond_pickaxe":1,"minecraft:spider_eye":1,"minecraft:wooden_pickaxe":1},"minecraft:broken":{"minecraft:golden_shovel":1,"minecraft:stone_pickaxe":3,"minecraft:shield":1,"minecraft:iron_pickaxe":2},"minecraft:crafted":{"minecraft:oak_planks":44,"minecraft:stone_shovel":1,"minecraft:birch_boat":1,"minecraft:cooked_chicken":4,"minecraft:furnace":1,"minecraft:cooked_mutton":4,"minecraft:diamond_helmet":1,"minecraft:diamond_leggings":1,"minecraft:iron_boots":1,"minecraft:stone_pickaxe":6,"minecraft:chest":2,"minecraft:diamond_boots":1,"minecraft:golden_helmet":1,"minecraft:cooked_beef":2,"minecraft:sugar":5,"minecraft:diamond_sword":1,"minecraft:diamond_axe":1,"minecraft:crafting_table":2,"minecraft:spruce_planks":628,"minecraft:wooden_pickaxe":2,"minecraft:iron_sword":1,"minecraft:copper_ingot":13,"minecraft:birch_planks":28,"minecraft:stone_axe":2,"minecraft:iron_chestplate":1,"minecraft:diamond_pickaxe":1,"minecraft:shield":3,"minecraft:stick":164,"minecraft:iron_ingot":40,"minecraft:iron_pickaxe":3,"minecraft:wooden_axe":1,"minecraft:stone_sword":2,"minecraft:snow_block":12,"minecraft:iron_leggings":1,"minecraft:gold_ingot":35,"minecraft:torch":176,"minecraft:shears":1,"minecraft:diamond_chestplate":1}},"DataVersion":3839}