{"stats":{"minecraft:custom":{"minecraft:animals_bred":12,"minecraft:interact_with_crafting_table":102,"minecraft:open_barrel":9,"minecraft:leave_game":25,"minecraft:time_since_death":81551,"minecraft:sprint_one_cm":490731,"minecraft:damage_blocked_by_shield":10444,"minecraft:drop":94,"minecraft:talked_to_villager":199,"minecraft:play_time":910057,"minecraft:deaths":25,"minecraft:jump":9017,"minecraft:walk_on_water_one_cm":139782,"minecraft:interact_with_furnace":104,"minecraft:traded_with_villager":478,"minecraft:sleep_in_bed":45,"minecraft:damage_dealt":19234,"minecraft:player_kills":2,"minecraft:crouch_one_cm":27767,"minecraft:mob_kills":96,"minecraft:interact_with_anvil":9,"minecraft:climb_one_cm":15826,"minecraft:walk_one_cm":3710371,"minecraft:sneak_time":10185,"minecraft:walk_under_water_one_cm":43751,"minecraft:boat_one_cm":91225,"minecraft:total_world_time":910057,"minecraft:interact_with_stonecutter":1,"minecraft:time_since_rest":657,"minecraft:damage_taken":11084,"minecraft:damage_absorbed":20,"minecraft:swim_one_cm":85367,"minecraft:fly_one_cm":418236,"minecraft:open_chest":259,"minecraft:fall_one_cm":153717},"minecraft:killed":{"minecraft:cave_spider":2,"minecraft:spider":7,"minecraft:skeleton":14,"minecraft:chicken":3,"minecraft:turtle":1,"minecraft:pig":7,"minecraft:zombie_villager":1,"minecraft:salmon":1,"minecraft:creeper":5,"minecraft:sheep":6,"minecraft:zombie":35,"minecraft:cow":2,"minecraft:villager":4,"minecraft:enderman":2},"minecraft:picked_up":{"minecraft:seagrass":2,"minecraft:wheat":414,"minecraft:diamond_sword":6,"minecraft:oak_stairs":3,"minecraft:enchanted_book":26,"minecraft:string":50,"minecraft:raw_copper":98,"minecraft:iron_leggings":5,"minecraft:experience_bottle":94,"minecraft:beetroot":15,"minecraft:diamond_leggings":6,"minecraft:gold_nugget":3,"minecraft:cobbled_deepslate":291,"minecraft:bucket":3,"minecraft:spruce_planks":255,"minecraft:iron_pickaxe":7,"minecraft:iron_boots":2,"minecraft:furnace":3,"minecraft:golden_helmet":1,"minecraft:stick":202,"minecraft:oak_fence":3,"minecraft:torch":105,"minecraft:green_bed":2,"minecraft:spruce_stairs":4,"minecraft:snow_block":12,"minecraft:porkchop":10,"minecraft:diorite":49,"minecraft:golden_chestplate":3,"minecraft:stone_sword":4,"minecraft:rotten_flesh":95,"minecraft:iron_block":2,"minecraft:carved_pumpkin":1,"minecraft:obsidian":1,"minecraft:snowball":71,"minecraft:cobblestone":1053,"minecraft:birch_log":7,"minecraft:feather":4,"minecraft:water_bucket":1,"minecraft:andesite":79,"minecraft:potato":918,"minecraft:dirt":204,"minecraft:bone":31,"minecraft:bow":7,"minecraft:wheat_seeds":1123,"minecraft:raw_gold":28,"minecraft:bell":2,"minecraft:diamond_helmet":5,"minecraft:powered_rail":4,"minecraft:oak_planks":36,"minecraft:poisonous_potato":3,"minecraft:sand":5,"minecraft:stripped_spruce_log":6,"minecraft:grass_block":8,"minecraft:iron_hoe":2,"minecraft:diamond":52,"minecraft:granite":275,"minecraft:bone_meal":3,"minecraft:golden_apple":1,"minecraft:spruce_button":4,"minecraft:emerald":443,"minecraft:oak_sapling":2,"minecraft:netherrack":4,"minecraft:diamond_pickaxe":8,"minecraft:crafting_table":4,"minecraft:azure_bluet":1,"minecraft:chicken":1,"minecraft:ladder":4,"minecraft:brown_mushroom":1,"minecraft:wooden_pickaxe":1,"minecraft:gold_block":1,"minecraft:shield":8,"minecraft:cornflower":3,"minecraft:iron_axe":2,"minecraft:flint_and_steel":1,"minecraft:snow":29,"minecraft:white_carpet":27,"minecraft:beef":4,"minecraft:light_gray_wool":2,"minecraft:iron_nugget":54,"minecraft:poppy":2,"minecraft:chest":1,"minecraft:sugar_cane":518,"minecraft:egg":5,"minecraft:raw_iron":60,"minecraft:sandstone":1,"minecraft:copper_ingot":12,"minecraft:carrot":756,"minecraft:dark_oak_planks":5,"minecraft:stone_shovel":1,"minecraft:arrow":36,"minecraft:diamond_chestplate":7,"minecraft:beetroot_seeds":44,"minecraft:diamond_boots":7,"minecraft:mutton":9,"minecraft:white_wool":5,"minecraft:rail":16,"minecraft:leather":2,"minecraft:birch_planks":1,"minecraft:crimson_fungus":1,"minecraft:oak_log":21,"minecraft:golden_boots":3,"minecraft:yellow_bed":8,"minecraft:gunpowder":3,"minecraft:blue_bed":3,"minecraft:cooked_mutton":2,"minecraft:kelp":4,"minecraft:iron_ingot":24,"minecraft:rabbit_hide":1,"minecraft:stone_pickaxe":5,"minecraft:cooked_chicken":7,"minecraft:acacia_sapling":3,"minecraft:iron_sword":3,"minecraft:tropical_fish_bucket":2,"minecraft:pumpkin":34,"minecraft:sweet_berries":5,"minecraft:dandelion":4,"minecraft:gravel":24,"minecraft:spruce_sapling":200,"minecraft:white_bed":3,"minecraft:spruce_log":2281,"minecraft:spider_eye":3,"minecraft:pumpkin_seeds":24,"minecraft:stone_axe":5,"minecraft:iron_helmet":2,"minecraft:diamond_axe":22,"minecraft:baked_potato":114,"minecraft:melon_seeds":7,"minecraft:coal":155,"minecraft:ender_pearl":5},"minecraft:broken":{"minecraft:golden_shovel":1,"minecraft:stone_pickaxe":3,"minecraft:shield":2,"minecraft:iron_axe":1,"minecraft:iron_pickaxe":2,"minecraft:wooden_hoe":1},"minecraft:mined":{"minecraft:dark_oak_planks":5,"minecraft:spruce_planks":14,"minecraft:white_bed":2,"minecraft:farmland":1,"minecraft:carved_pumpkin":1,"minecraft:obsidian":1,"minecraft:granite":23,"minecraft:grass_block":64,"minecraft:crimson_fungus":1,"minecraft:weeping_vines_plant":2,"minecraft:tall_seagrass":2,"minecraft:iron_ore":33,"minecraft:cobbled_deepslate":5,"minecraft:fire":4,"minecraft:pumpkin":10,"minecraft:azure_bluet":2,"minecraft:dirt_path":3,"minecraft:oak_stairs":1,"minecraft:iron_block":1,"minecraft:green_bed":2,"minecraft:brown_mushroom":1,"minecraft:kelp_plant":2,"minecraft:torch":1,"minecraft:poppy":2,"minecraft:cobblestone":1,"minecraft:sugar_cane":154,"minecraft:oak_planks":25,"minecraft:seagrass":1,"minecraft:birch_log":7,"minecraft:wheat":347,"minecraft:pumpkin_stem":1,"minecraft:oak_log":22,"minecraft:beetroots":16,"minecraft:sand":6,"minecraft:dirt":51,"minecraft:netherrack":5,"minecraft:oak_leaves":19,"minecraft:deepslate":257,"minecraft:nether_gold_ore":1,"minecraft:tuff":17,"minecraft:deepslate_diamond_ore":44,"minecraft:spruce_leaves":398,"minecraft:kelp":1,"minecraft:sandstone":1,"minecraft:large_fern":1,"minecraft:spruce_sapling":31,"minecraft:furnace":3,"minecraft:carrots":142,"minecraft:snow":75,"minecraft:andesite":60,"minecraft:stripped_spruce_log":6,"minecraft:gold_block":1,"minecraft:potatoes":166,"minecraft:deepslate_iron_ore":13,"minecraft:rail":2,"minecraft:stone":593,"minecraft:podzol":4,"minecraft:dandelion":4,"minecraft:crafting_table":4,"minecraft:cornflower":1,"minecraft:short_grass":197,"minecraft:tall_grass":19,"minecraft:copper_ore":8,"minecraft:deepslate_gold_ore":8,"minecraft:diorite":29,"minecraft:blue_bed":2,"minecraft:spruce_stairs":4,"minecraft:spruce_log":1694,"minecraft:birch_leaves":1,"minecraft:yellow_bed":8,"minecraft:coal_ore":121,"minecraft:gravel":17,"minecraft:cobweb":32,"minecraft:gold_ore":18,"minecraft:fern":2},"minecraft:crafted":{"minecraft:oak_planks":84,"minecraft:birch_boat":1,"minecraft:cooked_chicken":4,"minecraft:cooked_mutton":4,"minecraft:iron_boots":1,"minecraft:bow":1,"minecraft:diamond_helmet":2,"minecraft:diamond_leggings":2,"minecraft:chest":5,"minecraft:emerald":423,"minecraft:cooked_porkchop":6,"minecraft:diamond_axe":7,"minecraft:crafting_table":3,"minecraft:spruce_planks":8372,"minecraft:wooden_pickaxe":2,"minecraft:baked_potato":80,"minecraft:copper_ingot":13,"minecraft:birch_planks":28,"minecraft:wooden_hoe":1,"minecraft:iron_chestplate":1,"minecraft:diamond_pickaxe":1,"minecraft:shield":5,"minecraft:stick":13460,"minecraft:iron_ingot":48,"minecraft:iron_pickaxe":3,"minecraft:stone_sword":2,"minecraft:snow_block":12,"minecraft:gold_ingot":35,"minecraft:shears":1,"minecraft:stone_shovel":1,"minecraft:iron_nugget":72,"minecraft:spruce_button":2,"minecraft:furnace":1,"minecraft:iron_axe":30,"minecraft:stone_pickaxe":6,"minecraft:diamond_boots":2,"minecraft:golden_helmet":1,"minecraft:cooked_beef":2,"minecraft:sugar":5,"minecraft:diamond_sword":1,"minecraft:spruce_sign":3,"minecraft:iron_sword":3,"minecraft:bell":13,"minecraft:stone_axe":2,"minecraft:bread":13,"minecraft:wooden_axe":1,"minecraft:oak_stairs":4,"minecraft:iron_leggings":1,"minecraft:torch":176,"minecraft:diamond_chestplate":2},"minecraft:dropped":{"minecraft:iron_sword":1,"minecraft:diamond_axe":1,"minecraft:diamond":15,"minecraft:saddle":1,"minecraft:rail":17,"minecraft:dirt":12,"minecraft:seagrass":2,"minecraft:sand":1,"minecraft:iron_pickaxe":1,"minecraft:white_wool":5,"minecraft:blue_bed":2,"minecraft:bone":12,"minecraft:tropical_fish_bucket":1,"minecraft:golden_chestplate":2,"minecraft:cobbled_deepslate":165,"minecraft:rotten_flesh":10,"minecraft:oak_planks":6,"minecraft:cooked_mutton":1,"minecraft:carrot":53,"minecraft:acacia_sapling":2,"minecraft:enchanted_book":1,"minecraft:iron_ingot":6,"minecraft:wheat_seeds":2,"minecraft:oak_fence":3,"minecraft:cobblestone":448,"minecraft:granite":162,"minecraft:spruce_button":2,"minecraft:grass_block":1,"minecraft:coal":13,"minecraft:stick":13,"minecraft:diorite":9,"minecraft:iron_leggings":3,"minecraft:string":45,"minecraft:bucket":2,"minecraft:stone_sword":1,"minecraft:raw_copper":19,"minecraft:experience_bottle":64,"minecraft:light_gray_wool":2,"minecraft:iron_boots":2,"minecraft:filled_map":1,"minecraft:diamond_sword":2,"minecraft:snow":29,"minecraft:shield":2,"minecraft:spruce_planks":452,"minecraft:diamond_pickaxe":2,"minecraft:spider_eye":1,"minecraft:wooden_pickaxe":1},"minecraft:used":{"minecraft:beetroot":1,"minecraft:ladder":2,"minecraft:chest":6,"minecraft:shield":190,"minecraft:iron_sword":25,"minecraft:rotten_flesh":1,"minecraft:mutton":3,"minecraft:carrot":144,"minecraft:snowball":8,"minecraft:obsidian":1,"minecraft:lava_bucket":8,"minecraft:grass_block":3,"minecraft:bow":2,"minecraft:sweet_berries":5,"minecraft:oak_sapling":2,"minecraft:furnace":3,"minecraft:beetroot_seeds":100,"minecraft:potato":217,"minecraft:stone_pickaxe":545,"minecraft:oak_planks":1,"minecraft:ender_pearl":1,"minecraft:wooden_pickaxe":44,"minecraft:sandstone":1,"minecraft:sugar_cane":326,"minecraft:blue_bed":1,"minecraft:diamond_axe":1632,"minecraft:golden_apple":2,"minecraft:glow_berries":1,"minecraft:sand":2,"minecraft:shears":1,"minecraft:pumpkin_seeds":18,"minecraft:bread":15,"minecraft:gravel":3,"minecraft:diamond_sword":161,"minecraft:andesite":5,"minecraft:experience_bottle":30,"minecraft:stone_sword":8,"minecraft:flint_and_steel":11,"minecraft:carved_pumpkin":1,"minecraft:stone_shovel":55,"minecraft:spruce_planks":3,"minecraft:cooked_chicken":3,"minecraft:netherrack":4,"minecraft:torch":53,"minecraft:dirt":32,"minecraft:golden_shovel":32,"minecraft:granite":8,"minecraft:iron_hoe":18,"minecraft:dark_oak_planks":5,"minecraft:wooden_axe":3,"minecraft:iron_axe":599,"minecraft:oak_stairs":4,"minecraft:melon_seeds":7,"minecraft:cooked_beef":2,"minecraft:cobbled_deepslate":73,"minecraft:pumpkin":2,"minecraft:beetroot_soup":1,"minecraft:wheat_seeds":434,"minecraft:cooked_mutton":4,"minecraft:water_bucket":14,"minecraft:snow_block":8,"minecraft:birch_planks":1,"minecraft:baked_potato":42,"minecraft:birch_boat":1,"minecraft:spruce_sign":1,"minecraft:green_bed":1,"minecraft:crafting_table":5,"minecraft:white_bed":3,"minecraft:spruce_log":43,"minecraft:wooden_hoe":60,"minecraft:diamond_pickaxe":46,"minecraft:iron_pickaxe":706,"minecraft:spruce_sapling":169,"minecraft:stone_axe":132,"minecraft:crimson_fungus":1,"minecraft:cobblestone":47,"minecraft:bucket":22,"minecraft:yellow_bed":7},"minecraft:killed_by":{"minecraft:creeper":2,"minecraft:cave_spider":1,"minecraft:zombie":1,"minecraft:spider":1,"minecraft:enderman":2,"minecraft:iron_golem":7,"minecraft:skeleton":7}},"DataVersion":3839}