{"stats":{"minecraft:crafted":{"minecraft:oak_planks":44,"minecraft:birch_boat":1,"minecraft:cooked_chicken":4,"minecraft:furnace":1,"minecraft:cooked_mutton":4,"minecraft:iron_boots":1,"minecraft:stone_pickaxe":6,"minecraft:golden_helmet":1,"minecraft:cooked_beef":2,"minecraft:sugar":5,"minecraft:diamond_sword":1,"minecraft:diamond_axe":1,"minecraft:crafting_table":2,"minecraft:spruce_planks":296,"minecraft:wooden_pickaxe":2,"minecraft:iron_sword":1,"minecraft:copper_ingot":13,"minecraft:birch_planks":28,"minecraft:stone_axe":2,"minecraft:iron_chestplate":1,"minecraft:diamond_pickaxe":1,"minecraft:shield":2,"minecraft:stick":124,"minecraft:iron_ingot":33,"minecraft:iron_pickaxe":2,"minecraft:wooden_axe":1,"minecraft:stone_sword":2,"minecraft:iron_leggings":1,"minecraft:gold_ingot":35,"minecraft:torch":136,"minecraft:diamond_chestplate":1},"minecraft:dropped":{"minecraft:iron_ingot":2,"minecraft:wheat_seeds":2,"minecraft:diamond":7,"minecraft:diorite":9,"minecraft:seagrass":2,"minecraft:sand":1,"minecraft:iron_pickaxe":1,"minecraft:white_wool":5,"minecraft:blue_bed":2,"minecraft:cobbled_deepslate":128,"minecraft:light_gray_wool":2,"minecraft:cooked_mutton":1},"minecraft:killed":{"minecraft:skeleton":4,"minecraft:chicken":3,"minecraft:turtle":1,"minecraft:pig":7,"minecraft:salmon":1,"minecraft:sheep":6,"minecraft:zombie":3,"minecraft:villager":3,"minecraft:cow":2},"minecraft:killed_by":{"minecraft:creeper":1,"minecraft:spider":1,"minecraft:cave_spider":1,"minecraft:skeleton":7,"minecraft:zombie":1},"minecraft:picked_up":{"minecraft:seagrass":2,"minecraft:crafting_table":4,"minecraft:chicken":1,"minecraft:brown_mushroom":1,"minecraft:gold_block":1,"minecraft:shield":2,"minecraft:raw_copper":8,"minecraft:white_carpet":27,"minecraft:cobbled_deepslate":211,"minecraft:spruce_planks":172,"minecraft:beef":4,"minecraft:iron_pickaxe":5,"minecraft:light_gray_wool":2,"minecraft:sugar_cane":36,"minecraft:egg":5,"minecraft:furnace":3,"minecraft:stick":14,"minecraft:raw_iron":43,"minecraft:sandstone":1,"minecraft:copper_ingot":12,"minecraft:torch":82,"minecraft:porkchop":10,"minecraft:diorite":9,"minecraft:dark_oak_planks":5,"minecraft:arrow":5,"minecraft:rotten_flesh":22,"minecraft:mutton":9,"minecraft:rail":6,"minecraft:white_wool":5,"minecraft:cobblestone":265,"minecraft:birch_log":7,"minecraft:feather":4,"minecraft:andesite":12,"minecraft:leather":2,"minecraft:oak_log":11,"minecraft:blue_bed":3,"minecraft:dirt":22,"minecraft:cooked_mutton":1,"minecraft:bone":10,"minecraft:wheat_seeds":2,"minecraft:raw_gold":28,"minecraft:iron_ingot":18,"minecraft:cooked_chicken":7,"minecraft:stone_pickaxe":3,"minecraft:powered_rail":4,"minecraft:iron_sword":1,"minecraft:pumpkin":32,"minecraft:sweet_berries":5,"minecraft:sand":4,"minecraft:stripped_spruce_log":1,"minecraft:spruce_sapling":3,"minecraft:white_bed":1,"minecraft:spruce_log":73,"minecraft:diamond":23,"minecraft:stone_axe":3,"minecraft:granite":4,"minecraft:oak_sapling":2,"minecraft:coal":64},"minecraft:broken":{"minecraft:stone_pickaxe":2},"minecraft:used":{"minecraft:stone_sword":8,"minecraft:shield":57,"minecraft:iron_sword":6,"minecraft:cooked_chicken":3,"minecraft:rotten_flesh":1,"minecraft:torch":5,"minecraft:dirt":1,"minecraft:mutton":3,"minecraft:wooden_axe":3,"minecraft:dark_oak_planks":5,"minecraft:sweet_berries":5,"minecraft:furnace":3,"minecraft:oak_sapling":2,"minecraft:cooked_beef":2,"minecraft:cobbled_deepslate":28,"minecraft:cooked_mutton":1,"minecraft:stone_pickaxe":341,"minecraft:birch_boat":1,"minecraft:wooden_pickaxe":44,"minecraft:sandstone":1,"minecraft:blue_bed":1,"minecraft:diamond_axe":55,"minecraft:sugar_cane":11,"minecraft:glow_berries":1,"minecraft:sand":1,"minecraft:crafting_table":4,"minecraft:white_bed":1,"minecraft:iron_pickaxe":80,"minecraft:spruce_sapling":3,"minecraft:stone_axe":124,"minecraft:diamond_sword":5,"minecraft:cobblestone":22},"minecraft:custom":{"minecraft:mob_kills":31,"minecraft:interact_with_crafting_table":32,"minecraft:leave_game":7,"minecraft:time_since_death":121107,"minecraft:sprint_one_cm":130724,"minecraft:walk_one_cm":918361,"minecraft:damage_blocked_by_shield":2295,"minecraft:drop":16,"minecraft:talked_to_villager":40,"minecraft:play_time":215322,"minecraft:deaths":14,"minecraft:sneak_time":1330,"minecraft:walk_under_water_one_cm":9197,"minecraft:boat_one_cm":91225,"minecraft:jump":2065,"minecraft:walk_on_water_one_cm":33692,"minecraft:total_world_time":215322,"minecraft:interact_with_furnace":40,"minecraft:sleep_in_bed":8,"minecraft:time_since_rest":16587,"minecraft:damage_taken":4411,"minecraft:damage_dealt":4219,"minecraft:swim_one_cm":38732,"minecraft:fly_one_cm":43006,"minecraft:open_chest":19,"minecraft:crouch_one_cm":2372,"minecraft:fall_one_cm":37803},"minecraft:mined":{"minecraft:dark_oak_planks":5,"minecraft:spruce_planks":2,"minecraft:deepslate_diamond_ore":23,"minecraft:granite":4,"minecraft:grass_block":12,"minecraft:spruce_leaves":85,"minecraft:sandstone":1,"minecraft:furnace":3,"minecraft:cobbled_deepslate":1,"minecraft:iron_ore":20,"minecraft:fire":1,"minecraft:andesite":7,"minecraft:stripped_spruce_log":1,"minecraft:pumpkin":8,"minecraft:gold_block":1,"minecraft:deepslate_iron_ore":10,"minecraft:stone":118,"minecraft:brown_mushroom":1,"minecraft:crafting_table":4,"minecraft:short_grass":3,"minecraft:deepslate_gold_ore":8,"minecraft:sugar_cane":14,"minecraft:blue_bed":2,"minecraft:birch_log":7,"minecraft:spruce_log":73,"minecraft:birch_leaves":1,"minecraft:oak_log":12,"minecraft:coal_ore":64,"minecraft:sand":5,"minecraft:dirt":6,"minecraft:gold_ore":18,"minecraft:oak_leaves":18,"minecraft:deepslate":159,"minecraft:fern":2}},"DataVersion":3839}