{"stats":{"minecraft:killed_by":{"minecraft:creeper":2,"minecraft:cave_spider":1,"minecraft:zombie":1,"minecraft:spider":1,"minecraft:enderman":2,"minecraft:iron_golem":8,"minecraft:skeleton":7},"minecraft:dropped":{"minecraft:iron_sword":1,"minecraft:diamond_axe":1,"minecraft:diamond":15,"minecraft:saddle":1,"minecraft:rail":17,"minecraft:dirt":74,"minecraft:seagrass":2,"minecraft:bone_meal":1,"minecraft:sand":1,"minecraft:iron_pickaxe":1,"minecraft:white_wool":5,"minecraft:blue_bed":2,"minecraft:bone":12,"minecraft:tropical_fish_bucket":1,"minecraft:golden_chestplate":2,"minecraft:cobbled_deepslate":165,"minecraft:wheat":2,"minecraft:rotten_flesh":28,"minecraft:oak_planks":6,"minecraft:cooked_mutton":1,"minecraft:carrot":53,"minecraft:poppy":2,"minecraft:acacia_sapling":2,"minecraft:egg":1,"minecraft:enchanted_book":1,"minecraft:iron_ingot":6,"minecraft:wheat_seeds":81,"minecraft:oak_fence":3,"minecraft:cobblestone":448,"minecraft:granite":162,"minecraft:spruce_button":4,"minecraft:spruce_stairs":4,"minecraft:grass_block":1,"minecraft:coal":13,"minecraft:stick":13,"minecraft:diorite":9,"minecraft:iron_leggings":3,"minecraft:oak_stairs":1,"minecraft:string":45,"minecraft:bucket":2,"minecraft:dandelion":1,"minecraft:stone_sword":1,"minecraft:raw_copper":19,"minecraft:experience_bottle":64,"minecraft:light_gray_wool":2,"minecraft:iron_boots":2,"minecraft:filled_map":1,"minecraft:diamond_sword":2,"minecraft:snow":29,"minecraft:shield":2,"minecraft:oak_button":1,"minecraft:spruce_planks":453,"minecraft:diamond_pickaxe":2,"minecraft:spider_eye":2,"minecraft:wooden_pickaxe":1},"minecraft:picked_up":{"minecraft:seagrass":2,"minecraft:wheat":483,"minecraft:diamond_sword":7,"minecraft:oak_stairs":15,"minecraft:enchanted_book":26,"minecraft:string":56,"minecraft:raw_copper":98,"minecraft:iron_leggings":5,"minecraft:experience_bottle":94,"minecraft:beetroot":79,"minecraft:diamond_leggings":7,"minecraft:gold_nugget":3,"minecraft:cobbled_deepslate":291,"minecraft:bucket":3,"minecraft:spruce_planks":322,"minecraft:iron_pickaxe":7,"minecraft:iron_boots":2,"minecraft:furnace":3,"minecraft:golden_helmet":1,"minecraft:stick":230,"minecraft:oak_fence":3,"minecraft:torch":108,"minecraft:green_bed":2,"minecraft:spruce_stairs":4,"minecraft:snow_block":12,"minecraft:porkchop":10,"minecraft:diorite":49,"minecraft:golden_chestplate":3,"minecraft:stone_sword":4,"minecraft:rotten_flesh":131,"minecraft:iron_block":2,"minecraft:carved_pumpkin":1,"minecraft:obsidian":1,"minecraft:snowball":71,"minecraft:cobblestone":1061,"minecraft:birch_log":7,"minecraft:feather":6,"minecraft:cooked_beef":24,"minecraft:water_bucket":1,"minecraft:andesite":79,"minecraft:potato":1151,"minecraft:dirt":489,"minecraft:leather_boots":1,"minecraft:bone":47,"minecraft:bow":7,"minecraft:wheat_seeds":1235,"minecraft:raw_gold":28,"minecraft:bell":2,"minecraft:fletching_table":7,"minecraft:diamond_helmet":6,"minecraft:powered_rail":4,"minecraft:oak_planks":136,"minecraft:cooked_porkchop":3,"minecraft:poisonous_potato":3,"minecraft:sand":5,"minecraft:stripped_spruce_log":8,"minecraft:grass_block":9,"minecraft:barrel":1,"minecraft:mossy_cobblestone":4,"minecraft:iron_hoe":2,"minecraft:diamond":52,"minecraft:crossbow":1,"minecraft:granite":275,"minecraft:bone_meal":4,"minecraft:golden_apple":1,"minecraft:spruce_button":13,"minecraft:emerald":507,"minecraft:oak_sapling":2,"minecraft:netherrack":4,"minecraft:diamond_pickaxe":9,"minecraft:crafting_table":4,"minecraft:azure_bluet":3,"minecraft:chicken":2,"minecraft:ladder":9,"minecraft:brown_mushroom":1,"minecraft:wooden_pickaxe":1,"minecraft:gold_block":1,"minecraft:shield":8,"minecraft:cornflower":3,"minecraft:iron_axe":2,"minecraft:flint_and_steel":2,"minecraft:snow":29,"minecraft:white_carpet":27,"minecraft:beef":4,"minecraft:light_gray_wool":2,"minecraft:iron_nugget":54,"minecraft:poppy":4,"minecraft:chest":1,"minecraft:sugar_cane":521,"minecraft:egg":6,"minecraft:raw_iron":60,"minecraft:sandstone":1,"minecraft:copper_ingot":12,"minecraft:carrot":874,"minecraft:dark_oak_planks":5,"minecraft:stone_shovel":1,"minecraft:arrow":107,"minecraft:diamond_chestplate":8,"minecraft:beetroot_seeds":227,"minecraft:diamond_boots":8,"minecraft:mutton":9,"minecraft:white_wool":5,"minecraft:rail":16,"minecraft:leather":2,"minecraft:birch_planks":1,"minecraft:crimson_fungus":1,"minecraft:oak_log":36,"minecraft:golden_boots":3,"minecraft:yellow_bed":18,"minecraft:gunpowder":11,"minecraft:blue_bed":3,"minecraft:cooked_mutton":2,"minecraft:kelp":4,"minecraft:iron_ingot":54,"minecraft:stone_pickaxe":5,"minecraft:rabbit_hide":1,"minecraft:cooked_chicken":7,"minecraft:acacia_sapling":3,"minecraft:iron_sword":4,"minecraft:book":2,"minecraft:tropical_fish_bucket":2,"minecraft:pumpkin":35,"minecraft:sweet_berries":5,"minecraft:dandelion":5,"minecraft:gravel":24,"minecraft:spruce_sapling":277,"minecraft:white_bed":14,"minecraft:spruce_log":2771,"minecraft:spider_eye":6,"minecraft:pumpkin_seeds":24,"minecraft:stone_axe":5,"minecraft:iron_helmet":2,"minecraft:diamond_axe":23,"minecraft:baked_potato":121,"minecraft:melon_seeds":7,"minecraft:coal":155,"minecraft:ender_pearl":8},"minecraft:crafted":{"minecraft:oak_planks":144,"minecraft:birch_boat":1,"minecraft:cooked_chicken":4,"minecraft:cooked_mutton":4,"minecraft:iron_boots":1,"minecraft:bow":7,"minecraft:diamond_helmet":2,"minecraft:diamond_leggings":2,"minecraft:chest":5,"minecraft:oak_button":1,"minecraft:wooden_shovel":2,"minecraft:emerald":545,"minecraft:arrow":512,"minecraft:cooked_porkchop":6,"minecraft:diamond_axe":7,"minecraft:crafting_table":3,"minecraft:spruce_planks":10332,"minecraft:wooden_pickaxe":2,"minecraft:baked_potato":80,"minecraft:copper_ingot":13,"minecraft:pumpkin_seeds":4,"minecraft:birch_planks":28,"minecraft:wooden_hoe":1,"minecraft:iron_chestplate":1,"minecraft:diamond_pickaxe":1,"minecraft:shield":5,"minecraft:stick":17280,"minecraft:iron_ingot":48,"minecraft:iron_pickaxe":3,"minecraft:iron_block":3,"minecraft:stone_sword":2,"minecraft:snow_block":12,"minecraft:gold_ingot":35,"minecraft:shears":1,"minecraft:stone_shovel":1,"minecraft:iron_nugget":72,"minecraft:spruce_button":2,"minecraft:furnace":1,"minecraft:iron_axe":30,"minecraft:stone_pickaxe":6,"minecraft:diamond_boots":2,"minecraft:golden_helmet":1,"minecraft:cooked_beef":27,"minecraft:sugar":5,"minecraft:crossbow":4,"minecraft:diamond_sword":3,"minecraft:spruce_sign":3,"minecraft:iron_sword":3,"minecraft:bell":13,"minecraft:stone_axe":2,"minecraft:enchanted_book":2,"minecraft:bread":13,"minecraft:air":0,"minecraft:wooden_axe":1,"minecraft:oak_stairs":4,"minecraft:iron_leggings":1,"minecraft:anvil":1,"minecraft:torch":176,"minecraft:diamond_chestplate":2},"minecraft:used":{"minecraft:beetroot":15,"minecraft:ladder":5,"minecraft:chest":6,"minecraft:shield":214,"minecraft:iron_sword":25,"minecraft:rotten_flesh":1,"minecraft:mutton":3,"minecraft:carrot":174,"minecraft:snowball":8,"minecraft:obsidian":1,"minecraft:lava_bucket":8,"minecraft:grass_block":3,"minecraft:bow":46,"minecraft:sweet_berries":5,"minecraft:oak_sapling":2,"minecraft:furnace":3,"minecraft:beetroot_seeds":167,"minecraft:potato":275,"minecraft:stone_pickaxe":545,"minecraft:oak_planks":153,"minecraft:ender_pearl":1,"minecraft:wooden_pickaxe":44,"minecraft:sandstone":1,"minecraft:sugar_cane":329,"minecraft:blue_bed":1,"minecraft:diamond_axe":2743,"minecraft:golden_apple":2,"minecraft:glow_berries":1,"minecraft:sand":2,"minecraft:crossbow":40,"minecraft:shears":1,"minecraft:pumpkin_seeds":22,"minecraft:bread":15,"minecraft:gravel":3,"minecraft:diamond_sword":172,"minecraft:andesite":5,"minecraft:experience_bottle":30,"minecraft:stone_sword":8,"minecraft:flint_and_steel":11,"minecraft:carved_pumpkin":1,"minecraft:stone_shovel":55,"minecraft:spruce_planks":293,"minecraft:wooden_shovel":119,"minecraft:cooked_chicken":3,"minecraft:netherrack":4,"minecraft:torch":54,"minecraft:dirt":86,"minecraft:anvil":1,"minecraft:golden_shovel":32,"minecraft:granite":8,"minecraft:iron_hoe":18,"minecraft:dark_oak_planks":5,"minecraft:wooden_axe":3,"minecraft:iron_axe":599,"minecraft:oak_stairs":4,"minecraft:spruce_button":1,"minecraft:melon_seeds":7,"minecraft:cooked_beef":3,"minecraft:cobbled_deepslate":73,"minecraft:pumpkin":2,"minecraft:beetroot_soup":1,"minecraft:wheat_seeds":465,"minecraft:cooked_mutton":4,"minecraft:water_bucket":14,"minecraft:snow_block":8,"minecraft:birch_planks":1,"minecraft:baked_potato":73,"minecraft:birch_boat":1,"minecraft:spruce_sign":1,"minecraft:fletching_table":5,"minecraft:green_bed":1,"minecraft:crafting_table":5,"minecraft:white_bed":12,"minecraft:spruce_log":43,"minecraft:wooden_hoe":60,"minecraft:diamond_pickaxe":53,"minecraft:iron_pickaxe":706,"minecraft:spruce_sapling":246,"minecraft:stone_axe":132,"minecraft:crimson_fungus":1,"minecraft:cobblestone":47,"minecraft:cooked_porkchop":3,"minecraft:bucket":22,"minecraft:yellow_bed":17},"minecraft:killed":{"minecraft:cave_spider":2,"minecraft:spider":15,"minecraft:skeleton":22,"minecraft:chicken":4,"minecraft:turtle":1,"minecraft:pig":7,"minecraft:zombie_villager":2,"minecraft:salmon":1,"minecraft:iron_golem":3,"minecraft:creeper":8,"minecraft:sheep":6,"minecraft:zombie":65,"minecraft:cow":2,"minecraft:drowned":1,"minecraft:villager":6,"minecraft:enderman":5},"minecraft:broken":{"minecraft:wooden_shovel":2,"minecraft:golden_shovel":1,"minecraft:stone_pickaxe":3,"minecraft:bow":1,"minecraft:shield":3,"minecraft:iron_axe":1,"minecraft:iron_pickaxe":2,"minecraft:wooden_hoe":1},"minecraft:custom":{"minecraft:animals_bred":13,"minecraft:interact_with_crafting_table":125,"minecraft:open_barrel":10,"minecraft:leave_game":26,"minecraft:time_since_death":10147,"minecraft:sprint_one_cm":820107,"minecraft:damage_blocked_by_shield":12185,"minecraft:drop":110,"minecraft:talked_to_villager":283,"minecraft:play_time":1178623,"minecraft:deaths":26,"minecraft:jump":11727,"minecraft:walk_on_water_one_cm":155075,"minecraft:interact_with_furnace":114,"minecraft:traded_with_villager":646,"minecraft:sleep_in_bed":51,"minecraft:damage_dealt":28798,"minecraft:player_kills":2,"minecraft:crouch_one_cm":28822,"minecraft:horse_one_cm":172760,"minecraft:mob_kills":158,"minecraft:interact_with_anvil":29,"minecraft:climb_one_cm":23318,"minecraft:walk_one_cm":4733347,"minecraft:sneak_time":10421,"minecraft:walk_under_water_one_cm":52250,"minecraft:boat_one_cm":91225,"minecraft:interact_with_blast_furnace":2,"minecraft:total_world_time":1178623,"minecraft:interact_with_grindstone":3,"minecraft:interact_with_stonecutter":1,"minecraft:time_since_rest":10221,"minecraft:damage_taken":12833,"minecraft:damage_absorbed":20,"minecraft:swim_one_cm":108591,"minecraft:fly_one_cm":616965,"minecraft:open_chest":336,"minecraft:fall_one_cm":199065},"minecraft:mined":{"minecraft:dark_oak_planks":5,"minecraft:spruce_planks":83,"minecraft:white_bed":13,"minecraft:farmland":1,"minecraft:carved_pumpkin":1,"minecraft:obsidian":1,"minecraft:granite":23,"minecraft:grass_block":106,"minecraft:crimson_fungus":1,"minecraft:weeping_vines_plant":2,"minecraft:tall_seagrass":2,"minecraft:iron_ore":33,"minecraft:cobbled_deepslate":5,"minecraft:fire":4,"minecraft:pumpkin":11,"minecraft:fletching_table":9,"minecraft:azure_bluet":2,"minecraft:dirt_path":27,"minecraft:oak_stairs":11,"minecraft:iron_block":1,"minecraft:green_bed":2,"minecraft:brown_mushroom":1,"minecraft:kelp_plant":2,"minecraft:torch":1,"minecraft:poppy":2,"minecraft:cobblestone":5,"minecraft:sugar_cane":155,"minecraft:oak_planks":220,"minecraft:wall_torch":1,"minecraft:seagrass":2,"minecraft:birch_log":7,"minecraft:wheat":386,"minecraft:pumpkin_stem":1,"minecraft:oak_log":38,"minecraft:beetroots":82,"minecraft:sand":6,"minecraft:dirt":125,"minecraft:netherrack":5,"minecraft:oak_leaves":21,"minecraft:deepslate":257,"minecraft:attached_pumpkin_stem":1,"minecraft:nether_gold_ore":1,"minecraft:tuff":17,"minecraft:mossy_cobblestone":2,"minecraft:deepslate_diamond_ore":44,"minecraft:ladder":3,"minecraft:spruce_leaves":449,"minecraft:kelp":1,"minecraft:sandstone":1,"minecraft:large_fern":1,"minecraft:spruce_sapling":51,"minecraft:furnace":3,"minecraft:carrots":173,"minecraft:snow":75,"minecraft:andesite":60,"minecraft:stripped_spruce_log":8,"minecraft:gold_block":1,"minecraft:potatoes":231,"minecraft:deepslate_iron_ore":13,"minecraft:rail":2,"minecraft:stone":593,"minecraft:podzol":31,"minecraft:glass_pane":1,"minecraft:dandelion":5,"minecraft:crafting_table":4,"minecraft:cornflower":1,"minecraft:spruce_button":6,"minecraft:short_grass":231,"minecraft:lectern":1,"minecraft:tall_grass":22,"minecraft:copper_ore":8,"minecraft:deepslate_gold_ore":8,"minecraft:diorite":29,"minecraft:blue_bed":2,"minecraft:spruce_stairs":4,"minecraft:spruce_log":2186,"minecraft:birch_leaves":1,"minecraft:yellow_bed":18,"minecraft:coal_ore":121,"minecraft:gravel":17,"minecraft:cobweb":32,"minecraft:gold_ore":18,"minecraft:fern":2}},"DataVersion":3839}