{"stats":{"minecraft:custom":{"minecraft:interact_with_anvil":8,"minecraft:mob_kills":88,"minecraft:animals_bred":12,"minecraft:interact_with_crafting_table":74,"minecraft:open_barrel":7,"minecraft:leave_game":21,"minecraft:time_since_death":54348,"minecraft:climb_one_cm":9292,"minecraft:sprint_one_cm":321232,"minecraft:walk_one_cm":2857745,"minecraft:damage_blocked_by_shield":8865,"minecraft:drop":79,"minecraft:talked_to_villager":143,"minecraft:play_time":664345,"minecraft:sneak_time":9559,"minecraft:deaths":18,"minecraft:walk_under_water_one_cm":29197,"minecraft:boat_one_cm":91225,"minecraft:jump":6720,"minecraft:walk_on_water_one_cm":113927,"minecraft:total_world_time":664345,"minecraft:interact_with_furnace":66,"minecraft:traded_with_villager":239,"minecraft:interact_with_stonecutter":1,"minecraft:sleep_in_bed":30,"minecraft:time_since_rest":3443,"minecraft:damage_taken":7966,"minecraft:damage_absorbed":20,"minecraft:damage_dealt":15768,"minecraft:swim_one_cm":58437,"minecraft:fly_one_cm":219600,"minecraft:open_chest":151,"minecraft:crouch_one_cm":26611,"minecraft:fall_one_cm":109968},"minecraft:killed":{"minecraft:cave_spider":2,"minecraft:spider":7,"minecraft:skeleton":12,"minecraft:chicken":3,"minecraft:turtle":1,"minecraft:pig":7,"minecraft:zombie_villager":1,"minecraft:salmon":1,"minecraft:creeper":4,"minecraft:sheep":6,"minecraft:zombie":32,"minecraft:villager":3,"minecraft:enderman":2,"minecraft:cow":2},"minecraft:picked_up":{"minecraft:seagrass":2,"minecraft:crafting_table":4,"minecraft:wheat":276,"minecraft:chicken":1,"minecraft:brown_mushroom":1,"minecraft:diamond_sword":5,"minecraft:wooden_pickaxe":1,"minecraft:gold_block":1,"minecraft:shield":7,"minecraft:cornflower":2,"minecraft:string":48,"minecraft:raw_copper":98,"minecraft:flint_and_steel":1,"minecraft:snow":29,"minecraft:iron_leggings":5,"minecraft:white_carpet":27,"minecraft:beetroot":10,"minecraft:diamond_leggings":3,"minecraft:gold_nugget":3,"minecraft:cobbled_deepslate":291,"minecraft:bucket":3,"minecraft:spruce_planks":236,"minecraft:beef":4,"minecraft:iron_pickaxe":7,"minecraft:light_gray_wool":2,"minecraft:sugar_cane":138,"minecraft:furnace":3,"minecraft:iron_boots":2,"minecraft:egg":5,"minecraft:golden_helmet":1,"minecraft:raw_iron":60,"minecraft:stick":172,"minecraft:sandstone":1,"minecraft:copper_ingot":12,"minecraft:oak_fence":3,"minecraft:torch":104,"minecraft:green_bed":2,"minecraft:porkchop":10,"minecraft:snow_block":12,"minecraft:diorite":49,"minecraft:carrot":546,"minecraft:golden_chestplate":3,"minecraft:dark_oak_planks":5,"minecraft:stone_sword":4,"minecraft:arrow":25,"minecraft:stone_shovel":1,"minecraft:rotten_flesh":92,"minecraft:diamond_chestplate":4,"minecraft:beetroot_seeds":30,"minecraft:diamond_boots":3,"minecraft:carved_pumpkin":1,"minecraft:mutton":9,"minecraft:obsidian":1,"minecraft:rail":16,"minecraft:snowball":71,"minecraft:white_wool":5,"minecraft:cobblestone":1053,"minecraft:birch_log":7,"minecraft:feather":4,"minecraft:water_bucket":1,"minecraft:andesite":79,"minecraft:leather":2,"minecraft:birch_planks":1,"minecraft:potato":338,"minecraft:crimson_fungus":1,"minecraft:oak_log":11,"minecraft:golden_boots":3,"minecraft:gunpowder":3,"minecraft:blue_bed":3,"minecraft:dirt":131,"minecraft:cooked_mutton":2,"minecraft:bone":29,"minecraft:bow":3,"minecraft:wheat_seeds":732,"minecraft:raw_gold":28,"minecraft:rabbit_hide":1,"minecraft:stone_pickaxe":5,"minecraft:iron_ingot":22,"minecraft:cooked_chicken":7,"minecraft:diamond_helmet":3,"minecraft:powered_rail":4,"minecraft:oak_planks":19,"minecraft:iron_sword":3,"minecraft:pumpkin":34,"minecraft:sweet_berries":5,"minecraft:dandelion":1,"minecraft:poisonous_potato":2,"minecraft:gravel":24,"minecraft:sand":4,"minecraft:stripped_spruce_log":5,"minecraft:spruce_sapling":135,"minecraft:spruce_log":1438,"minecraft:white_bed":3,"minecraft:grass_block":7,"minecraft:spider_eye":2,"minecraft:iron_hoe":2,"minecraft:pumpkin_seeds":24,"minecraft:diamond":52,"minecraft:stone_axe":5,"minecraft:iron_helmet":2,"minecraft:granite":275,"minecraft:diamond_axe":6,"minecraft:bone_meal":3,"minecraft:golden_apple":1,"minecraft:emerald":24,"minecraft:baked_potato":16,"minecraft:oak_sapling":2,"minecraft:netherrack":4,"minecraft:melon_seeds":7,"minecraft:coal":155,"minecraft:diamond_pickaxe":5,"minecraft:ender_pearl":5},"minecraft:broken":{"minecraft:golden_shovel":1,"minecraft:stone_pickaxe":3,"minecraft:shield":2,"minecraft:iron_pickaxe":2},"minecraft:mined":{"minecraft:dark_oak_planks":5,"minecraft:nether_gold_ore":1,"minecraft:tuff":17,"minecraft:spruce_planks":2,"minecraft:white_bed":2,"minecraft:deepslate_diamond_ore":44,"minecraft:obsidian":1,"minecraft:carved_pumpkin":1,"minecraft:granite":23,"minecraft:grass_block":27,"minecraft:spruce_leaves":222,"minecraft:crimson_fungus":1,"minecraft:sandstone":1,"minecraft:large_fern":1,"minecraft:weeping_vines_plant":2,"minecraft:carrots":100,"minecraft:spruce_sapling":14,"minecraft:furnace":3,"minecraft:iron_ore":33,"minecraft:fire":4,"minecraft:cobbled_deepslate":5,"minecraft:snow":75,"minecraft:andesite":60,"minecraft:stripped_spruce_log":5,"minecraft:pumpkin":10,"minecraft:gold_block":1,"minecraft:potatoes":67,"minecraft:deepslate_iron_ore":13,"minecraft:rail":2,"minecraft:stone":593,"minecraft:green_bed":2,"minecraft:brown_mushroom":1,"minecraft:dandelion":1,"minecraft:crafting_table":4,"minecraft:short_grass":111,"minecraft:copper_ore":8,"minecraft:tall_grass":13,"minecraft:cobblestone":1,"minecraft:deepslate_gold_ore":8,"minecraft:oak_planks":13,"minecraft:sugar_cane":53,"minecraft:diorite":29,"minecraft:blue_bed":2,"minecraft:birch_log":7,"minecraft:wheat":241,"minecraft:spruce_log":1059,"minecraft:birch_leaves":1,"minecraft:pumpkin_stem":1,"minecraft:coal_ore":121,"minecraft:oak_log":12,"minecraft:beetroots":10,"minecraft:gravel":17,"minecraft:dirt":25,"minecraft:sand":5,"minecraft:cobweb":32,"minecraft:netherrack":5,"minecraft:gold_ore":18,"minecraft:deepslate":257,"minecraft:oak_leaves":18,"minecraft:fern":2},"minecraft:crafted":{"minecraft:oak_planks":44,"minecraft:stone_shovel":1,"minecraft:birch_boat":1,"minecraft:cooked_chicken":4,"minecraft:furnace":1,"minecraft:cooked_mutton":4,"minecraft:diamond_helmet":2,"minecraft:diamond_leggings":2,"minecraft:iron_boots":1,"minecraft:iron_axe":18,"minecraft:stone_pickaxe":6,"minecraft:chest":2,"minecraft:diamond_boots":2,"minecraft:golden_helmet":1,"minecraft:cooked_beef":2,"minecraft:sugar":5,"minecraft:diamond_sword":1,"minecraft:emerald":214,"minecraft:diamond_axe":2,"minecraft:crafting_table":3,"minecraft:spruce_planks":4054,"minecraft:wooden_pickaxe":2,"minecraft:baked_potato":16,"minecraft:iron_sword":3,"minecraft:bell":1,"minecraft:copper_ingot":13,"minecraft:birch_planks":28,"minecraft:stone_axe":2,"minecraft:bread":13,"minecraft:iron_chestplate":1,"minecraft:diamond_pickaxe":1,"minecraft:shield":3,"minecraft:stick":6901,"minecraft:iron_ingot":40,"minecraft:iron_pickaxe":3,"minecraft:wooden_axe":1,"minecraft:stone_sword":2,"minecraft:snow_block":12,"minecraft:iron_leggings":1,"minecraft:gold_ingot":35,"minecraft:torch":176,"minecraft:shears":1,"minecraft:diamond_chestplate":2},"minecraft:dropped":{"minecraft:iron_ingot":6,"minecraft:iron_sword":1,"minecraft:wheat_seeds":2,"minecraft:diamond":15,"minecraft:oak_fence":3,"minecraft:cobblestone":448,"minecraft:granite":162,"minecraft:saddle":1,"minecraft:rail":17,"minecraft:grass_block":1,"minecraft:coal":13,"minecraft:stick":5,"minecraft:dirt":12,"minecraft:diorite":9,"minecraft:seagrass":2,"minecraft:iron_leggings":3,"minecraft:sand":1,"minecraft:iron_pickaxe":1,"minecraft:string":45,"minecraft:white_wool":5,"minecraft:bucket":2,"minecraft:blue_bed":2,"minecraft:bone":3,"minecraft:golden_chestplate":2,"minecraft:stone_sword":1,"minecraft:cobbled_deepslate":165,"minecraft:raw_copper":19,"minecraft:rotten_flesh":9,"minecraft:light_gray_wool":2,"minecraft:oak_planks":6,"minecraft:iron_boots":2,"minecraft:cooked_mutton":1,"minecraft:diamond_sword":1,"minecraft:snow":29,"minecraft:shield":2,"minecraft:spruce_planks":388,"minecraft:diamond_pickaxe":1,"minecraft:spider_eye":1,"minecraft:wooden_pickaxe":1},"minecraft:used":{"minecraft:beetroot":1,"minecraft:stone_sword":8,"minecraft:flint_and_steel":11,"minecraft:carved_pumpkin":1,"minecraft:stone_shovel":55,"minecraft:chest":2,"minecraft:shield":175,"minecraft:iron_sword":25,"minecraft:cooked_chicken":3,"minecraft:rotten_flesh":1,"minecraft:netherrack":4,"minecraft:torch":52,"minecraft:dirt":21,"minecraft:mutton":3,"minecraft:carrot":110,"minecraft:golden_shovel":32,"minecraft:snowball":8,"minecraft:granite":8,"minecraft:dark_oak_planks":5,"minecraft:obsidian":1,"minecraft:wooden_axe":3,"minecraft:iron_hoe":18,"minecraft:iron_axe":142,"minecraft:lava_bucket":8,"minecraft:grass_block":3,"minecraft:melon_seeds":7,"minecraft:bow":1,"minecraft:sweet_berries":5,"minecraft:oak_sapling":2,"minecraft:furnace":3,"minecraft:beetroot_seeds":35,"minecraft:potato":107,"minecraft:cooked_beef":2,"minecraft:beetroot_soup":1,"minecraft:cobbled_deepslate":73,"minecraft:pumpkin":2,"minecraft:wheat_seeds":244,"minecraft:cooked_mutton":4,"minecraft:water_bucket":14,"minecraft:baked_potato":11,"minecraft:snow_block":8,"minecraft:birch_planks":1,"minecraft:stone_pickaxe":545,"minecraft:wooden_pickaxe":44,"minecraft:birch_boat":1,"minecraft:ender_pearl":1,"minecraft:sandstone":1,"minecraft:sugar_cane":113,"minecraft:blue_bed":1,"minecraft:diamond_axe":1206,"minecraft:green_bed":1,"minecraft:golden_apple":2,"minecraft:glow_berries":1,"minecraft:sand":1,"minecraft:crafting_table":5,"minecraft:white_bed":3,"minecraft:spruce_log":39,"minecraft:pumpkin_seeds":17,"minecraft:shears":1,"minecraft:diamond_pickaxe":36,"minecraft:bread":15,"minecraft:iron_pickaxe":706,"minecraft:gravel":3,"minecraft:spruce_sapling":104,"minecraft:stone_axe":132,"minecraft:diamond_sword":125,"minecraft:crimson_fungus":1,"minecraft:cobblestone":47,"minecraft:andesite":5,"minecraft:bucket":22},"minecraft:killed_by":{"minecraft:creeper":2,"minecraft:spider":1,"minecraft:enderman":2,"minecraft:cave_spider":1,"minecraft:skeleton":7,"minecraft:zombie":1}},"DataVersion":3839}