{"stats":{"minecraft:custom":{"minecraft:animals_bred":12,"minecraft:interact_with_crafting_table":76,"minecraft:open_barrel":9,"minecraft:leave_game":21,"minecraft:time_since_death":89142,"minecraft:sprint_one_cm":341882,"minecraft:damage_blocked_by_shield":8865,"minecraft:drop":79,"minecraft:talked_to_villager":143,"minecraft:play_time":699139,"minecraft:deaths":18,"minecraft:jump":6932,"minecraft:walk_on_water_one_cm":116076,"minecraft:interact_with_furnace":85,"minecraft:traded_with_villager":239,"minecraft:sleep_in_bed":30,"minecraft:damage_dealt":15968,"minecraft:crouch_one_cm":26611,"minecraft:mob_kills":89,"minecraft:interact_with_anvil":9,"minecraft:climb_one_cm":9780,"minecraft:walk_one_cm":2978136,"minecraft:sneak_time":9559,"minecraft:walk_under_water_one_cm":29475,"minecraft:boat_one_cm":91225,"minecraft:total_world_time":699139,"minecraft:interact_with_stonecutter":1,"minecraft:time_since_rest":38237,"minecraft:damage_taken":8112,"minecraft:damage_absorbed":20,"minecraft:swim_one_cm":58987,"minecraft:fly_one_cm":229837,"minecraft:open_chest":174,"minecraft:fall_one_cm":112795},"minecraft:killed":{"minecraft:cave_spider":2,"minecraft:spider":7,"minecraft:skeleton":13,"minecraft:chicken":3,"minecraft:turtle":1,"minecraft:pig":7,"minecraft:zombie_villager":1,"minecraft:salmon":1,"minecraft:creeper":4,"minecraft:sheep":6,"minecraft:zombie":32,"minecraft:cow":2,"minecraft:villager":3,"minecraft:enderman":2},"minecraft:picked_up":{"minecraft:seagrass":2,"minecraft:wheat":276,"minecraft:diamond_sword":5,"minecraft:string":49,"minecraft:raw_copper":98,"minecraft:iron_leggings":5,"minecraft:beetroot":10,"minecraft:diamond_leggings":3,"minecraft:gold_nugget":3,"minecraft:cobbled_deepslate":291,"minecraft:bucket":3,"minecraft:spruce_planks":236,"minecraft:iron_pickaxe":7,"minecraft:iron_boots":2,"minecraft:furnace":3,"minecraft:golden_helmet":1,"minecraft:stick":172,"minecraft:oak_fence":3,"minecraft:green_bed":2,"minecraft:torch":104,"minecraft:snow_block":12,"minecraft:porkchop":10,"minecraft:diorite":49,"minecraft:golden_chestplate":3,"minecraft:stone_sword":4,"minecraft:rotten_flesh":92,"minecraft:carved_pumpkin":1,"minecraft:obsidian":1,"minecraft:snowball":71,"minecraft:cobblestone":1053,"minecraft:birch_log":7,"minecraft:feather":4,"minecraft:water_bucket":1,"minecraft:andesite":79,"minecraft:potato":338,"minecraft:dirt":131,"minecraft:bone":29,"minecraft:bow":3,"minecraft:wheat_seeds":736,"minecraft:raw_gold":28,"minecraft:diamond_helmet":3,"minecraft:powered_rail":4,"minecraft:oak_planks":19,"minecraft:poisonous_potato":2,"minecraft:sand":4,"minecraft:stripped_spruce_log":5,"minecraft:grass_block":7,"minecraft:iron_hoe":2,"minecraft:diamond":52,"minecraft:granite":275,"minecraft:bone_meal":3,"minecraft:golden_apple":1,"minecraft:spruce_button":2,"minecraft:emerald":24,"minecraft:oak_sapling":2,"minecraft:netherrack":4,"minecraft:diamond_pickaxe":5,"minecraft:crafting_table":4,"minecraft:azure_bluet":1,"minecraft:chicken":1,"minecraft:brown_mushroom":1,"minecraft:wooden_pickaxe":1,"minecraft:gold_block":1,"minecraft:shield":7,"minecraft:cornflower":3,"minecraft:flint_and_steel":1,"minecraft:snow":29,"minecraft:white_carpet":27,"minecraft:beef":4,"minecraft:poppy":2,"minecraft:light_gray_wool":2,"minecraft:chest":1,"minecraft:sugar_cane":387,"minecraft:egg":5,"minecraft:raw_iron":60,"minecraft:sandstone":1,"minecraft:copper_ingot":12,"minecraft:carrot":546,"minecraft:dark_oak_planks":5,"minecraft:diamond_chestplate":4,"minecraft:arrow":26,"minecraft:stone_shovel":1,"minecraft:beetroot_seeds":30,"minecraft:diamond_boots":3,"minecraft:mutton":9,"minecraft:white_wool":5,"minecraft:rail":16,"minecraft:leather":2,"minecraft:birch_planks":1,"minecraft:crimson_fungus":1,"minecraft:oak_log":21,"minecraft:golden_boots":3,"minecraft:gunpowder":3,"minecraft:blue_bed":3,"minecraft:cooked_mutton":2,"minecraft:rabbit_hide":1,"minecraft:iron_ingot":22,"minecraft:stone_pickaxe":5,"minecraft:cooked_chicken":7,"minecraft:iron_sword":3,"minecraft:pumpkin":34,"minecraft:sweet_berries":5,"minecraft:dandelion":4,"minecraft:gravel":24,"minecraft:spruce_sapling":135,"minecraft:white_bed":3,"minecraft:spruce_log":1438,"minecraft:spider_eye":3,"minecraft:pumpkin_seeds":24,"minecraft:stone_axe":5,"minecraft:iron_helmet":2,"minecraft:diamond_axe":6,"minecraft:baked_potato":16,"minecraft:melon_seeds":7,"minecraft:coal":155,"minecraft:ender_pearl":5},"minecraft:broken":{"minecraft:golden_shovel":1,"minecraft:stone_pickaxe":3,"minecraft:shield":2,"minecraft:iron_pickaxe":2},"minecraft:mined":{"minecraft:dark_oak_planks":5,"minecraft:spruce_planks":2,"minecraft:white_bed":2,"minecraft:carved_pumpkin":1,"minecraft:obsidian":1,"minecraft:granite":23,"minecraft:grass_block":27,"minecraft:crimson_fungus":1,"minecraft:weeping_vines_plant":2,"minecraft:iron_ore":33,"minecraft:cobbled_deepslate":5,"minecraft:fire":4,"minecraft:pumpkin":10,"minecraft:azure_bluet":1,"minecraft:green_bed":2,"minecraft:brown_mushroom":1,"minecraft:poppy":2,"minecraft:cobblestone":1,"minecraft:sugar_cane":150,"minecraft:oak_planks":13,"minecraft:birch_log":7,"minecraft:wheat":241,"minecraft:pumpkin_stem":1,"minecraft:oak_log":22,"minecraft:beetroots":10,"minecraft:sand":5,"minecraft:dirt":25,"minecraft:netherrack":5,"minecraft:oak_leaves":19,"minecraft:deepslate":257,"minecraft:nether_gold_ore":1,"minecraft:tuff":17,"minecraft:deepslate_diamond_ore":44,"minecraft:spruce_leaves":222,"minecraft:sandstone":1,"minecraft:large_fern":1,"minecraft:spruce_sapling":14,"minecraft:furnace":3,"minecraft:carrots":100,"minecraft:snow":75,"minecraft:andesite":60,"minecraft:stripped_spruce_log":5,"minecraft:gold_block":1,"minecraft:potatoes":67,"minecraft:deepslate_iron_ore":13,"minecraft:rail":2,"minecraft:stone":593,"minecraft:dandelion":4,"minecraft:cornflower":1,"minecraft:crafting_table":4,"minecraft:short_grass":149,"minecraft:tall_grass":15,"minecraft:copper_ore":8,"minecraft:deepslate_gold_ore":8,"minecraft:diorite":29,"minecraft:blue_bed":2,"minecraft:spruce_log":1059,"minecraft:birch_leaves":1,"minecraft:coal_ore":121,"minecraft:gravel":17,"minecraft:cobweb":32,"minecraft:gold_ore":18,"minecraft:fern":2},"minecraft:crafted":{"minecraft:oak_planks":84,"minecraft:birch_boat":1,"minecraft:cooked_chicken":4,"minecraft:cooked_mutton":4,"minecraft:diamond_helmet":2,"minecraft:iron_boots":1,"minecraft:diamond_leggings":2,"minecraft:chest":2,"minecraft:emerald":214,"minecraft:diamond_axe":2,"minecraft:crafting_table":3,"minecraft:spruce_planks":4054,"minecraft:baked_potato":80,"minecraft:wooden_pickaxe":2,"minecraft:copper_ingot":13,"minecraft:birch_planks":28,"minecraft:iron_chestplate":1,"minecraft:diamond_pickaxe":1,"minecraft:shield":3,"minecraft:stick":6901,"minecraft:iron_ingot":45,"minecraft:iron_pickaxe":3,"minecraft:stone_sword":2,"minecraft:snow_block":12,"minecraft:gold_ingot":35,"minecraft:shears":1,"minecraft:stone_shovel":1,"minecraft:iron_nugget":49,"minecraft:furnace":1,"minecraft:iron_axe":18,"minecraft:stone_pickaxe":6,"minecraft:diamond_boots":2,"minecraft:golden_helmet":1,"minecraft:cooked_beef":2,"minecraft:sugar":5,"minecraft:diamond_sword":1,"minecraft:iron_sword":3,"minecraft:bell":1,"minecraft:stone_axe":2,"minecraft:bread":13,"minecraft:wooden_axe":1,"minecraft:iron_leggings":1,"minecraft:torch":176,"minecraft:diamond_chestplate":2},"minecraft:dropped":{"minecraft:iron_sword":1,"minecraft:diamond":15,"minecraft:saddle":1,"minecraft:rail":17,"minecraft:dirt":12,"minecraft:seagrass":2,"minecraft:sand":1,"minecraft:iron_pickaxe":1,"minecraft:white_wool":5,"minecraft:blue_bed":2,"minecraft:bone":3,"minecraft:golden_chestplate":2,"minecraft:cobbled_deepslate":165,"minecraft:rotten_flesh":9,"minecraft:oak_planks":6,"minecraft:cooked_mutton":1,"minecraft:iron_ingot":6,"minecraft:wheat_seeds":2,"minecraft:oak_fence":3,"minecraft:cobblestone":448,"minecraft:granite":162,"minecraft:grass_block":1,"minecraft:coal":13,"minecraft:stick":5,"minecraft:diorite":9,"minecraft:iron_leggings":3,"minecraft:string":45,"minecraft:bucket":2,"minecraft:stone_sword":1,"minecraft:raw_copper":19,"minecraft:light_gray_wool":2,"minecraft:iron_boots":2,"minecraft:diamond_sword":1,"minecraft:snow":29,"minecraft:shield":2,"minecraft:spruce_planks":388,"minecraft:diamond_pickaxe":1,"minecraft:spider_eye":1,"minecraft:wooden_pickaxe":1},"minecraft:used":{"minecraft:beetroot":1,"minecraft:chest":3,"minecraft:shield":175,"minecraft:iron_sword":25,"minecraft:rotten_flesh":1,"minecraft:mutton":3,"minecraft:carrot":110,"minecraft:snowball":8,"minecraft:obsidian":1,"minecraft:lava_bucket":8,"minecraft:grass_block":3,"minecraft:bow":1,"minecraft:sweet_berries":5,"minecraft:furnace":3,"minecraft:oak_sapling":2,"minecraft:beetroot_seeds":35,"minecraft:potato":107,"minecraft:stone_pickaxe":545,"minecraft:ender_pearl":1,"minecraft:wooden_pickaxe":44,"minecraft:sandstone":1,"minecraft:blue_bed":1,"minecraft:diamond_axe":1206,"minecraft:sugar_cane":326,"minecraft:golden_apple":2,"minecraft:glow_berries":1,"minecraft:sand":1,"minecraft:shears":1,"minecraft:pumpkin_seeds":17,"minecraft:bread":15,"minecraft:gravel":3,"minecraft:diamond_sword":133,"minecraft:andesite":5,"minecraft:stone_sword":8,"minecraft:flint_and_steel":11,"minecraft:carved_pumpkin":1,"minecraft:stone_shovel":55,"minecraft:cooked_chicken":3,"minecraft:netherrack":4,"minecraft:torch":52,"minecraft:dirt":21,"minecraft:golden_shovel":32,"minecraft:granite":8,"minecraft:iron_hoe":18,"minecraft:wooden_axe":3,"minecraft:dark_oak_planks":5,"minecraft:iron_axe":166,"minecraft:melon_seeds":7,"minecraft:cooked_beef":2,"minecraft:cobbled_deepslate":73,"minecraft:pumpkin":2,"minecraft:beetroot_soup":1,"minecraft:wheat_seeds":244,"minecraft:cooked_mutton":4,"minecraft:water_bucket":14,"minecraft:snow_block":8,"minecraft:birch_planks":1,"minecraft:baked_potato":16,"minecraft:birch_boat":1,"minecraft:green_bed":1,"minecraft:crafting_table":5,"minecraft:white_bed":3,"minecraft:spruce_log":39,"minecraft:diamond_pickaxe":36,"minecraft:iron_pickaxe":706,"minecraft:spruce_sapling":104,"minecraft:stone_axe":132,"minecraft:crimson_fungus":1,"minecraft:cobblestone":47,"minecraft:bucket":22},"minecraft:killed_by":{"minecraft:creeper":2,"minecraft:cave_spider":1,"minecraft:zombie":1,"minecraft:spider":1,"minecraft:enderman":2,"minecraft:skeleton":7}},"DataVersion":3839}