{"stats":{"minecraft:killed_by":{"minecraft:creeper":2,"minecraft:cave_spider":1,"minecraft:zombie":1,"minecraft:spider":1,"minecraft:enderman":2,"minecraft:iron_golem":7,"minecraft:skeleton":7},"minecraft:dropped":{"minecraft:iron_sword":1,"minecraft:diamond_axe":1,"minecraft:diamond":15,"minecraft:saddle":1,"minecraft:rail":17,"minecraft:dirt":63,"minecraft:seagrass":2,"minecraft:bone_meal":1,"minecraft:sand":1,"minecraft:iron_pickaxe":1,"minecraft:white_wool":5,"minecraft:blue_bed":2,"minecraft:bone":12,"minecraft:tropical_fish_bucket":1,"minecraft:golden_chestplate":2,"minecraft:cobbled_deepslate":165,"minecraft:wheat":2,"minecraft:rotten_flesh":10,"minecraft:oak_planks":6,"minecraft:cooked_mutton":1,"minecraft:carrot":53,"minecraft:acacia_sapling":2,"minecraft:enchanted_book":1,"minecraft:iron_ingot":6,"minecraft:wheat_seeds":37,"minecraft:oak_fence":3,"minecraft:cobblestone":448,"minecraft:granite":162,"minecraft:spruce_button":4,"minecraft:spruce_stairs":4,"minecraft:grass_block":1,"minecraft:coal":13,"minecraft:stick":13,"minecraft:diorite":9,"minecraft:iron_leggings":3,"minecraft:oak_stairs":1,"minecraft:string":45,"minecraft:bucket":2,"minecraft:dandelion":1,"minecraft:stone_sword":1,"minecraft:raw_copper":19,"minecraft:experience_bottle":64,"minecraft:light_gray_wool":2,"minecraft:iron_boots":2,"minecraft:filled_map":1,"minecraft:diamond_sword":2,"minecraft:snow":29,"minecraft:shield":2,"minecraft:oak_button":1,"minecraft:spruce_planks":453,"minecraft:diamond_pickaxe":2,"minecraft:spider_eye":1,"minecraft:wooden_pickaxe":1},"minecraft:picked_up":{"minecraft:seagrass":2,"minecraft:wheat":454,"minecraft:diamond_sword":6,"minecraft:oak_stairs":3,"minecraft:enchanted_book":26,"minecraft:string":51,"minecraft:raw_copper":98,"minecraft:iron_leggings":5,"minecraft:experience_bottle":94,"minecraft:beetroot":79,"minecraft:diamond_leggings":6,"minecraft:gold_nugget":3,"minecraft:cobbled_deepslate":291,"minecraft:bucket":3,"minecraft:spruce_planks":257,"minecraft:iron_pickaxe":7,"minecraft:iron_boots":2,"minecraft:furnace":3,"minecraft:golden_helmet":1,"minecraft:stick":230,"minecraft:oak_fence":3,"minecraft:torch":105,"minecraft:green_bed":2,"minecraft:spruce_stairs":4,"minecraft:snow_block":12,"minecraft:porkchop":10,"minecraft:diorite":49,"minecraft:golden_chestplate":3,"minecraft:stone_sword":4,"minecraft:rotten_flesh":109,"minecraft:iron_block":2,"minecraft:carved_pumpkin":1,"minecraft:obsidian":1,"minecraft:snowball":71,"minecraft:cobblestone":1053,"minecraft:birch_log":7,"minecraft:feather":4,"minecraft:water_bucket":1,"minecraft:andesite":79,"minecraft:potato":1149,"minecraft:dirt":248,"minecraft:bone":39,"minecraft:bow":7,"minecraft:wheat_seeds":1233,"minecraft:raw_gold":28,"minecraft:bell":2,"minecraft:fletching_table":1,"minecraft:diamond_helmet":5,"minecraft:powered_rail":4,"minecraft:oak_planks":36,"minecraft:poisonous_potato":3,"minecraft:sand":5,"minecraft:stripped_spruce_log":8,"minecraft:grass_block":9,"minecraft:barrel":1,"minecraft:iron_hoe":2,"minecraft:diamond":52,"minecraft:granite":275,"minecraft:bone_meal":4,"minecraft:golden_apple":1,"minecraft:spruce_button":4,"minecraft:emerald":443,"minecraft:oak_sapling":2,"minecraft:netherrack":4,"minecraft:diamond_pickaxe":8,"minecraft:crafting_table":4,"minecraft:azure_bluet":1,"minecraft:chicken":1,"minecraft:ladder":7,"minecraft:brown_mushroom":1,"minecraft:wooden_pickaxe":1,"minecraft:gold_block":1,"minecraft:shield":8,"minecraft:cornflower":3,"minecraft:iron_axe":2,"minecraft:flint_and_steel":1,"minecraft:snow":29,"minecraft:white_carpet":27,"minecraft:beef":4,"minecraft:light_gray_wool":2,"minecraft:iron_nugget":54,"minecraft:poppy":2,"minecraft:chest":1,"minecraft:sugar_cane":521,"minecraft:egg":5,"minecraft:raw_iron":60,"minecraft:sandstone":1,"minecraft:copper_ingot":12,"minecraft:carrot":874,"minecraft:dark_oak_planks":5,"minecraft:stone_shovel":1,"minecraft:arrow":42,"minecraft:diamond_chestplate":7,"minecraft:beetroot_seeds":227,"minecraft:diamond_boots":7,"minecraft:mutton":9,"minecraft:white_wool":5,"minecraft:rail":16,"minecraft:leather":2,"minecraft:birch_planks":1,"minecraft:crimson_fungus":1,"minecraft:oak_log":21,"minecraft:golden_boots":3,"minecraft:yellow_bed":11,"minecraft:gunpowder":3,"minecraft:blue_bed":3,"minecraft:cooked_mutton":2,"minecraft:kelp":4,"minecraft:iron_ingot":24,"minecraft:stone_pickaxe":5,"minecraft:rabbit_hide":1,"minecraft:cooked_chicken":7,"minecraft:acacia_sapling":3,"minecraft:iron_sword":3,"minecraft:tropical_fish_bucket":2,"minecraft:pumpkin":35,"minecraft:sweet_berries":5,"minecraft:dandelion":5,"minecraft:gravel":24,"minecraft:spruce_sapling":277,"minecraft:white_bed":4,"minecraft:spruce_log":2771,"minecraft:spider_eye":5,"minecraft:pumpkin_seeds":24,"minecraft:stone_axe":5,"minecraft:iron_helmet":2,"minecraft:diamond_axe":22,"minecraft:baked_potato":114,"minecraft:melon_seeds":7,"minecraft:coal":155,"minecraft:ender_pearl":8},"minecraft:crafted":{"minecraft:oak_planks":84,"minecraft:birch_boat":1,"minecraft:cooked_chicken":4,"minecraft:cooked_mutton":4,"minecraft:iron_boots":1,"minecraft:bow":7,"minecraft:diamond_helmet":2,"minecraft:diamond_leggings":2,"minecraft:chest":5,"minecraft:oak_button":1,"minecraft:emerald":545,"minecraft:arrow":384,"minecraft:cooked_porkchop":6,"minecraft:diamond_axe":7,"minecraft:crafting_table":3,"minecraft:spruce_planks":10332,"minecraft:wooden_pickaxe":2,"minecraft:baked_potato":80,"minecraft:copper_ingot":13,"minecraft:pumpkin_seeds":4,"minecraft:birch_planks":28,"minecraft:wooden_hoe":1,"minecraft:iron_chestplate":1,"minecraft:diamond_pickaxe":1,"minecraft:shield":5,"minecraft:stick":17276,"minecraft:iron_ingot":48,"minecraft:iron_pickaxe":3,"minecraft:iron_block":3,"minecraft:stone_sword":2,"minecraft:snow_block":12,"minecraft:gold_ingot":35,"minecraft:shears":1,"minecraft:stone_shovel":1,"minecraft:iron_nugget":72,"minecraft:spruce_button":2,"minecraft:furnace":1,"minecraft:iron_axe":30,"minecraft:stone_pickaxe":6,"minecraft:diamond_boots":2,"minecraft:golden_helmet":1,"minecraft:cooked_beef":3,"minecraft:sugar":5,"minecraft:crossbow":4,"minecraft:diamond_sword":3,"minecraft:spruce_sign":3,"minecraft:iron_sword":3,"minecraft:bell":13,"minecraft:stone_axe":2,"minecraft:bread":13,"minecraft:air":0,"minecraft:wooden_axe":1,"minecraft:oak_stairs":4,"minecraft:iron_leggings":1,"minecraft:anvil":1,"minecraft:torch":176,"minecraft:diamond_chestplate":2},"minecraft:used":{"minecraft:beetroot":15,"minecraft:ladder":5,"minecraft:chest":6,"minecraft:shield":201,"minecraft:iron_sword":25,"minecraft:rotten_flesh":1,"minecraft:mutton":3,"minecraft:carrot":174,"minecraft:snowball":8,"minecraft:obsidian":1,"minecraft:lava_bucket":8,"minecraft:grass_block":3,"minecraft:bow":24,"minecraft:sweet_berries":5,"minecraft:oak_sapling":2,"minecraft:furnace":3,"minecraft:beetroot_seeds":167,"minecraft:potato":275,"minecraft:stone_pickaxe":545,"minecraft:oak_planks":1,"minecraft:ender_pearl":1,"minecraft:wooden_pickaxe":44,"minecraft:sandstone":1,"minecraft:sugar_cane":326,"minecraft:blue_bed":1,"minecraft:diamond_axe":2293,"minecraft:golden_apple":2,"minecraft:glow_berries":1,"minecraft:sand":2,"minecraft:crossbow":16,"minecraft:shears":1,"minecraft:pumpkin_seeds":22,"minecraft:bread":15,"minecraft:gravel":3,"minecraft:diamond_sword":165,"minecraft:andesite":5,"minecraft:experience_bottle":30,"minecraft:stone_sword":8,"minecraft:flint_and_steel":11,"minecraft:carved_pumpkin":1,"minecraft:stone_shovel":55,"minecraft:spruce_planks":10,"minecraft:cooked_chicken":3,"minecraft:netherrack":4,"minecraft:torch":53,"minecraft:dirt":79,"minecraft:anvil":1,"minecraft:golden_shovel":32,"minecraft:granite":8,"minecraft:iron_hoe":18,"minecraft:dark_oak_planks":5,"minecraft:wooden_axe":3,"minecraft:iron_axe":599,"minecraft:oak_stairs":4,"minecraft:melon_seeds":7,"minecraft:cooked_beef":2,"minecraft:cobbled_deepslate":73,"minecraft:pumpkin":2,"minecraft:beetroot_soup":1,"minecraft:wheat_seeds":465,"minecraft:cooked_mutton":4,"minecraft:water_bucket":14,"minecraft:snow_block":8,"minecraft:birch_planks":1,"minecraft:baked_potato":57,"minecraft:birch_boat":1,"minecraft:spruce_sign":1,"minecraft:fletching_table":1,"minecraft:green_bed":1,"minecraft:crafting_table":5,"minecraft:white_bed":4,"minecraft:spruce_log":43,"minecraft:wooden_hoe":60,"minecraft:diamond_pickaxe":46,"minecraft:iron_pickaxe":706,"minecraft:spruce_sapling":246,"minecraft:stone_axe":132,"minecraft:crimson_fungus":1,"minecraft:cobblestone":47,"minecraft:cooked_porkchop":2,"minecraft:bucket":22,"minecraft:yellow_bed":10},"minecraft:killed":{"minecraft:cave_spider":2,"minecraft:spider":10,"minecraft:skeleton":20,"minecraft:chicken":3,"minecraft:turtle":1,"minecraft:pig":7,"minecraft:zombie_villager":2,"minecraft:salmon":1,"minecraft:creeper":5,"minecraft:sheep":6,"minecraft:zombie":43,"minecraft:cow":2,"minecraft:drowned":1,"minecraft:villager":5,"minecraft:enderman":5},"minecraft:broken":{"minecraft:golden_shovel":1,"minecraft:stone_pickaxe":3,"minecraft:bow":1,"minecraft:shield":2,"minecraft:iron_axe":1,"minecraft:iron_pickaxe":2,"minecraft:wooden_hoe":1},"minecraft:custom":{"minecraft:animals_bred":12,"minecraft:interact_with_crafting_table":122,"minecraft:open_barrel":10,"minecraft:leave_game":26,"minecraft:time_since_death":248117,"minecraft:sprint_one_cm":631721,"minecraft:damage_blocked_by_shield":11325,"minecraft:drop":104,"minecraft:talked_to_villager":254,"minecraft:play_time":1076623,"minecraft:deaths":25,"minecraft:jump":10338,"minecraft:walk_on_water_one_cm":153780,"minecraft:interact_with_furnace":113,"minecraft:traded_with_villager":636,"minecraft:sleep_in_bed":48,"minecraft:damage_dealt":22882,"minecraft:player_kills":2,"minecraft:crouch_one_cm":28730,"minecraft:horse_one_cm":172760,"minecraft:mob_kills":120,"minecraft:interact_with_anvil":19,"minecraft:climb_one_cm":22948,"minecraft:walk_one_cm":4182333,"minecraft:sneak_time":10370,"minecraft:walk_under_water_one_cm":52250,"minecraft:boat_one_cm":91225,"minecraft:interact_with_blast_furnace":2,"minecraft:total_world_time":1076623,"minecraft:interact_with_grindstone":2,"minecraft:interact_with_stonecutter":1,"minecraft:time_since_rest":5223,"minecraft:damage_taken":11795,"minecraft:damage_absorbed":20,"minecraft:swim_one_cm":108591,"minecraft:fly_one_cm":514472,"minecraft:open_chest":317,"minecraft:fall_one_cm":177443},"minecraft:mined":{"minecraft:dark_oak_planks":5,"minecraft:spruce_planks":14,"minecraft:white_bed":3,"minecraft:farmland":1,"minecraft:carved_pumpkin":1,"minecraft:obsidian":1,"minecraft:granite":23,"minecraft:grass_block":67,"minecraft:crimson_fungus":1,"minecraft:weeping_vines_plant":2,"minecraft:tall_seagrass":2,"minecraft:iron_ore":33,"minecraft:cobbled_deepslate":5,"minecraft:fire":4,"minecraft:pumpkin":11,"minecraft:fletching_table":1,"minecraft:azure_bluet":2,"minecraft:dirt_path":3,"minecraft:oak_stairs":1,"minecraft:iron_block":1,"minecraft:green_bed":2,"minecraft:brown_mushroom":1,"minecraft:kelp_plant":2,"minecraft:torch":1,"minecraft:poppy":2,"minecraft:cobblestone":1,"minecraft:sugar_cane":155,"minecraft:oak_planks":25,"minecraft:seagrass":2,"minecraft:birch_log":7,"minecraft:wheat":386,"minecraft:pumpkin_stem":1,"minecraft:oak_log":22,"minecraft:beetroots":82,"minecraft:sand":6,"minecraft:dirt":53,"minecraft:netherrack":5,"minecraft:oak_leaves":21,"minecraft:deepslate":257,"minecraft:attached_pumpkin_stem":1,"minecraft:nether_gold_ore":1,"minecraft:tuff":17,"minecraft:deepslate_diamond_ore":44,"minecraft:ladder":3,"minecraft:spruce_leaves":449,"minecraft:kelp":1,"minecraft:sandstone":1,"minecraft:large_fern":1,"minecraft:spruce_sapling":51,"minecraft:furnace":3,"minecraft:carrots":173,"minecraft:snow":75,"minecraft:andesite":60,"minecraft:stripped_spruce_log":8,"minecraft:gold_block":1,"minecraft:potatoes":231,"minecraft:deepslate_iron_ore":13,"minecraft:rail":2,"minecraft:stone":593,"minecraft:podzol":31,"minecraft:dandelion":5,"minecraft:crafting_table":4,"minecraft:cornflower":1,"minecraft:short_grass":206,"minecraft:tall_grass":19,"minecraft:copper_ore":8,"minecraft:deepslate_gold_ore":8,"minecraft:diorite":29,"minecraft:blue_bed":2,"minecraft:spruce_stairs":4,"minecraft:spruce_log":2186,"minecraft:birch_leaves":1,"minecraft:yellow_bed":11,"minecraft:coal_ore":121,"minecraft:gravel":17,"minecraft:cobweb":32,"minecraft:gold_ore":18,"minecraft:fern":2}},"DataVersion":3839}