{"stats":{"minecraft:crafted":{"minecraft:sugar":5,"minecraft:oak_planks":20,"minecraft:spruce_planks":296,"minecraft:wooden_pickaxe":2,"minecraft:cooked_chicken":4,"minecraft:iron_sword":1,"minecraft:copper_ingot":4,"minecraft:stone_axe":1,"minecraft:shield":1,"minecraft:stick":68,"minecraft:iron_ingot":5,"minecraft:iron_pickaxe":1,"minecraft:stone_pickaxe":2,"minecraft:wooden_axe":1,"minecraft:stone_sword":1,"minecraft:torch":64},"minecraft:custom":{"minecraft:interact_with_furnace":14,"minecraft:mob_kills":11,"minecraft:interact_with_crafting_table":16,"minecraft:leave_game":3,"minecraft:time_since_death":3427,"minecraft:sleep_in_bed":2,"minecraft:time_since_rest":3455,"minecraft:sprint_one_cm":62023,"minecraft:damage_taken":3356,"minecraft:walk_one_cm":348479,"minecraft:damage_blocked_by_shield":945,"minecraft:drop":2,"minecraft:damage_dealt":1583,"minecraft:swim_one_cm":5436,"minecraft:fly_one_cm":17216,"minecraft:open_chest":2,"minecraft:crouch_one_cm":1502,"minecraft:play_time":65385,"minecraft:deaths":12,"minecraft:sneak_time":737,"minecraft:walk_under_water_one_cm":3438,"minecraft:jump":847,"minecraft:walk_on_water_one_cm":21069,"minecraft:total_world_time":65385,"minecraft:fall_one_cm":21233},"minecraft:mined":{"minecraft:dark_oak_planks":5,"minecraft:spruce_planks":2,"minecraft:crafting_table":1,"minecraft:short_grass":3,"minecraft:grass_block":10,"minecraft:spruce_leaves":47,"minecraft:sugar_cane":14,"minecraft:sandstone":1,"minecraft:iron_ore":2,"minecraft:spruce_log":73,"minecraft:andesite":4,"minecraft:stripped_spruce_log":1,"minecraft:pumpkin":8,"minecraft:oak_log":5,"minecraft:coal_ore":22,"minecraft:sand":1,"minecraft:dirt":6,"minecraft:stone":38,"minecraft:oak_leaves":7,"minecraft:deepslate":6,"minecraft:fern":1},"minecraft:used":{"minecraft:stone_sword":4,"minecraft:stone_pickaxe":56,"minecraft:wooden_pickaxe":44,"minecraft:shield":23,"minecraft:sandstone":1,"minecraft:iron_sword":6,"minecraft:sugar_cane":11,"minecraft:cooked_chicken":3,"minecraft:rotten_flesh":1,"minecraft:torch":3,"minecraft:dirt":1,"minecraft:sand":1,"minecraft:wooden_axe":3,"minecraft:dark_oak_planks":5,"minecraft:spruce_sapling":2,"minecraft:stone_axe":102,"minecraft:cobblestone":22},"minecraft:dropped":{"minecraft:iron_ingot":2,"minecraft:iron_pickaxe":1},"minecraft:picked_up":{"minecraft:crafting_table":1,"minecraft:feather":4,"minecraft:chicken":1,"minecraft:andesite":9,"minecraft:leather":1,"minecraft:oak_log":5,"minecraft:shield":2,"minecraft:dirt":21,"minecraft:raw_copper":8,"minecraft:white_carpet":27,"minecraft:bone":6,"minecraft:cobbled_deepslate":56,"minecraft:spruce_planks":172,"minecraft:beef":2,"minecraft:iron_ingot":8,"minecraft:stone_pickaxe":3,"minecraft:cooked_chicken":7,"minecraft:iron_pickaxe":5,"minecraft:powered_rail":4,"minecraft:sugar_cane":36,"minecraft:iron_sword":1,"minecraft:egg":5,"minecraft:sandstone":1,"minecraft:raw_iron":15,"minecraft:stick":12,"minecraft:pumpkin":32,"minecraft:copper_ingot":12,"minecraft:torch":82,"minecraft:porkchop":10,"minecraft:sand":1,"minecraft:stripped_spruce_log":1,"minecraft:spruce_sapling":2,"minecraft:spruce_log":73,"minecraft:dark_oak_planks":5,"minecraft:arrow":2,"minecraft:rotten_flesh":22,"minecraft:stone_axe":3,"minecraft:coal":22,"minecraft:rail":6,"minecraft:cobblestone":191},"minecraft:killed_by":{"minecraft:cave_spider":1,"minecraft:skeleton":6,"minecraft:creeper":1,"minecraft:spider":1,"minecraft:zombie":1},"minecraft:killed":{"minecraft:pig":4,"minecraft:skeleton":2,"minecraft:zombie":3,"minecraft:chicken":1,"minecraft:cow":1}},"DataVersion":3839}