{"stats":{"minecraft:custom":{"minecraft:time_since_rest":1458,"minecraft:open_chest":1,"minecraft:crouch_one_cm":439,"minecraft:play_time":18055,"minecraft:sprint_one_cm":31325,"minecraft:walk_one_cm":30277,"minecraft:damage_taken":5666,"minecraft:deaths":21,"minecraft:sneak_time":87,"minecraft:walk_under_water_one_cm":17461,"minecraft:mob_kills":1,"minecraft:jump":642,"minecraft:damage_dealt":542,"minecraft:time_since_death":1433,"minecraft:walk_on_water_one_cm":16893,"minecraft:total_world_time":18055,"minecraft:climb_one_cm":6909,"minecraft:swim_one_cm":36424,"minecraft:fly_one_cm":51771,"minecraft:fall_one_cm":42694},"minecraft:killed":{"minecraft:zombie":1},"minecraft:picked_up":{"minecraft:golden_helmet":1,"minecraft:apple":22,"minecraft:golden_pickaxe":1,"minecraft:wheat_seeds":1,"minecraft:dirt":13},"minecraft:mined":{"minecraft:short_grass":12,"minecraft:grass_block":1,"minecraft:sand":1,"minecraft:jungle_leaves":1,"minecraft:fern":3},"minecraft:killed_by":{"minecraft:skeleton":1,"minecraft:zombie":1,"minecraft:player":15}},"DataVersion":3839}