{"stats":{"minecraft:killed":{"minecraft:cave_spider":2,"minecraft:spider":2,"minecraft:skeleton":6,"minecraft:chicken":3,"minecraft:turtle":1,"minecraft:pig":7,"minecraft:zombie_villager":1,"minecraft:salmon":1,"minecraft:sheep":6,"minecraft:zombie":9,"minecraft:villager":3,"minecraft:cow":2},"minecraft:dropped":{"minecraft:iron_ingot":2,"minecraft:iron_sword":1,"minecraft:wheat_seeds":2,"minecraft:diamond":15,"minecraft:oak_fence":3,"minecraft:cobblestone":362,"minecraft:granite":161,"minecraft:saddle":1,"minecraft:rail":9,"minecraft:coal":13,"minecraft:stick":5,"minecraft:diorite":9,"minecraft:seagrass":2,"minecraft:iron_leggings":3,"minecraft:sand":1,"minecraft:iron_pickaxe":1,"minecraft:string":45,"minecraft:white_wool":5,"minecraft:bucket":2,"minecraft:blue_bed":2,"minecraft:bone":3,"minecraft:stone_sword":1,"minecraft:cobbled_deepslate":165,"minecraft:raw_copper":19,"minecraft:rotten_flesh":9,"minecraft:light_gray_wool":2,"minecraft:oak_planks":6,"minecraft:iron_boots":2,"minecraft:cooked_mutton":1,"minecraft:diamond_sword":1,"minecraft:shield":2,"minecraft:spruce_planks":332,"minecraft:diamond_pickaxe":1,"minecraft:spider_eye":1,"minecraft:wooden_pickaxe":1},"minecraft:used":{"minecraft:beetroot":1,"minecraft:stone_sword":8,"minecraft:flint_and_steel":4,"minecraft:chest":2,"minecraft:shield":122,"minecraft:iron_sword":25,"minecraft:cooked_chicken":3,"minecraft:rotten_flesh":1,"minecraft:torch":52,"minecraft:dirt":17,"minecraft:mutton":3,"minecraft:granite":7,"minecraft:obsidian":1,"minecraft:dark_oak_planks":5,"minecraft:wooden_axe":3,"minecraft:lava_bucket":8,"minecraft:oak_sapling":2,"minecraft:sweet_berries":5,"minecraft:furnace":3,"minecraft:cooked_beef":2,"minecraft:potato":1,"minecraft:cobbled_deepslate":73,"minecraft:beetroot_soup":1,"minecraft:cooked_mutton":4,"minecraft:water_bucket":14,"minecraft:birch_planks":1,"minecraft:stone_pickaxe":545,"minecraft:wooden_pickaxe":44,"minecraft:birch_boat":1,"minecraft:sandstone":1,"minecraft:green_bed":1,"minecraft:sugar_cane":11,"minecraft:blue_bed":1,"minecraft:diamond_axe":187,"minecraft:golden_apple":1,"minecraft:glow_berries":1,"minecraft:sand":1,"minecraft:crafting_table":5,"minecraft:white_bed":3,"minecraft:diamond_pickaxe":29,"minecraft:bread":4,"minecraft:iron_pickaxe":625,"minecraft:spruce_sapling":3,"minecraft:stone_axe":132,"minecraft:diamond_sword":47,"minecraft:cobblestone":47,"minecraft:andesite":5,"minecraft:bucket":22},"minecraft:broken":{"minecraft:stone_pickaxe":3,"minecraft:iron_pickaxe":2},"minecraft:custom":{"minecraft:interact_with_anvil":6,"minecraft:mob_kills":46,"minecraft:interact_with_crafting_table":42,"minecraft:leave_game":13,"minecraft:time_since_death":132555,"minecraft:sprint_one_cm":150944,"minecraft:walk_one_cm":1530579,"minecraft:damage_blocked_by_shield":5820,"minecraft:drop":65,"minecraft:talked_to_villager":40,"minecraft:play_time":379336,"minecraft:sneak_time":8080,"minecraft:deaths":15,"minecraft:walk_under_water_one_cm":27705,"minecraft:boat_one_cm":91225,"minecraft:jump":3657,"minecraft:walk_on_water_one_cm":102465,"minecraft:total_world_time":379336,"minecraft:interact_with_furnace":51,"minecraft:interact_with_stonecutter":1,"minecraft:sleep_in_bed":13,"minecraft:time_since_rest":807,"minecraft:damage_taken":5322,"minecraft:damage_absorbed":20,"minecraft:damage_dealt":6677,"minecraft:swim_one_cm":58437,"minecraft:fly_one_cm":52895,"minecraft:open_chest":52,"minecraft:crouch_one_cm":23006,"minecraft:fall_one_cm":53317},"minecraft:picked_up":{"minecraft:seagrass":2,"minecraft:crafting_table":4,"minecraft:chicken":1,"minecraft:brown_mushroom":1,"minecraft:diamond_sword":2,"minecraft:wooden_pickaxe":1,"minecraft:gold_block":1,"minecraft:shield":5,"minecraft:string":35,"minecraft:raw_copper":72,"minecraft:iron_leggings":5,"minecraft:white_carpet":27,"minecraft:cobbled_deepslate":291,"minecraft:bucket":2,"minecraft:spruce_planks":172,"minecraft:beef":4,"minecraft:iron_pickaxe":6,"minecraft:light_gray_wool":2,"minecraft:sugar_cane":36,"minecraft:furnace":3,"minecraft:iron_boots":2,"minecraft:egg":5,"minecraft:golden_helmet":1,"minecraft:stick":30,"minecraft:raw_iron":60,"minecraft:sandstone":1,"minecraft:copper_ingot":12,"minecraft:oak_fence":3,"minecraft:torch":100,"minecraft:green_bed":2,"minecraft:porkchop":10,"minecraft:diorite":49,"minecraft:dark_oak_planks":5,"minecraft:stone_sword":3,"minecraft:arrow":10,"minecraft:rotten_flesh":31,"minecraft:diamond_chestplate":1,"minecraft:obsidian":1,"minecraft:mutton":9,"minecraft:rail":16,"minecraft:white_wool":5,"minecraft:cobblestone":945,"minecraft:birch_log":7,"minecraft:feather":4,"minecraft:andesite":61,"minecraft:leather":2,"minecraft:potato":1,"minecraft:birch_planks":1,"minecraft:oak_log":11,"minecraft:golden_boots":2,"minecraft:dirt":63,"minecraft:blue_bed":3,"minecraft:cooked_mutton":2,"minecraft:bone":14,"minecraft:wheat_seeds":2,"minecraft:raw_gold":28,"minecraft:iron_ingot":18,"minecraft:stone_pickaxe":5,"minecraft:cooked_chicken":7,"minecraft:powered_rail":4,"minecraft:iron_sword":3,"minecraft:oak_planks":19,"minecraft:pumpkin":32,"minecraft:sweet_berries":5,"minecraft:gravel":19,"minecraft:sand":4,"minecraft:stripped_spruce_log":1,"minecraft:spruce_sapling":4,"minecraft:white_bed":3,"minecraft:spruce_log":156,"minecraft:spider_eye":1,"minecraft:diamond":52,"minecraft:stone_axe":4,"minecraft:iron_helmet":2,"minecraft:granite":273,"minecraft:diamond_axe":1,"minecraft:oak_sapling":2,"minecraft:coal":155,"minecraft:diamond_pickaxe":2},"minecraft:crafted":{"minecraft:oak_planks":44,"minecraft:birch_boat":1,"minecraft:cooked_chicken":4,"minecraft:furnace":1,"minecraft:cooked_mutton":4,"minecraft:diamond_helmet":1,"minecraft:diamond_leggings":1,"minecraft:iron_boots":1,"minecraft:stone_pickaxe":6,"minecraft:chest":2,"minecraft:diamond_boots":1,"minecraft:golden_helmet":1,"minecraft:cooked_beef":2,"minecraft:sugar":5,"minecraft:diamond_sword":1,"minecraft:diamond_axe":1,"minecraft:crafting_table":2,"minecraft:spruce_planks":628,"minecraft:wooden_pickaxe":2,"minecraft:iron_sword":1,"minecraft:copper_ingot":13,"minecraft:birch_planks":28,"minecraft:stone_axe":2,"minecraft:iron_chestplate":1,"minecraft:diamond_pickaxe":1,"minecraft:shield":2,"minecraft:stick":164,"minecraft:iron_ingot":40,"minecraft:iron_pickaxe":2,"minecraft:wooden_axe":1,"minecraft:stone_sword":2,"minecraft:iron_leggings":1,"minecraft:gold_ingot":35,"minecraft:torch":176,"minecraft:diamond_chestplate":1},"minecraft:mined":{"minecraft:dark_oak_planks":5,"minecraft:tuff":17,"minecraft:spruce_planks":2,"minecraft:white_bed":2,"minecraft:deepslate_diamond_ore":44,"minecraft:obsidian":1,"minecraft:granite":22,"minecraft:grass_block":21,"minecraft:spruce_leaves":106,"minecraft:sandstone":1,"minecraft:furnace":3,"minecraft:iron_ore":33,"minecraft:cobbled_deepslate":5,"minecraft:fire":3,"minecraft:andesite":55,"minecraft:stripped_spruce_log":1,"minecraft:pumpkin":8,"minecraft:gold_block":1,"minecraft:deepslate_iron_ore":13,"minecraft:rail":2,"minecraft:stone":528,"minecraft:green_bed":2,"minecraft:brown_mushroom":1,"minecraft:crafting_table":4,"minecraft:short_grass":3,"minecraft:copper_ore":8,"minecraft:cobblestone":1,"minecraft:deepslate_gold_ore":8,"minecraft:sugar_cane":14,"minecraft:oak_planks":13,"minecraft:diorite":29,"minecraft:blue_bed":2,"minecraft:birch_log":7,"minecraft:spruce_log":156,"minecraft:birch_leaves":1,"minecraft:oak_log":12,"minecraft:coal_ore":121,"minecraft:sand":5,"minecraft:gravel":17,"minecraft:dirt":25,"minecraft:cobweb":32,"minecraft:gold_ore":18,"minecraft:oak_leaves":18,"minecraft:deepslate":257,"minecraft:fern":2},"minecraft:killed_by":{"minecraft:creeper":2,"minecraft:spider":1,"minecraft:cave_spider":1,"minecraft:skeleton":7,"minecraft:zombie":1}},"DataVersion":3839}